news_url,title,text,source_name,date,topics,tickers,sentiment,Negative,Neutral,Positive
https://www.fool.com/investing/2025/11/16/3-supercharged-growth-stocks-that-billionaires-are/,3 Supercharged Growth Stocks That Billionaires Are Buying,Broadcom's custom silicon and networking solutions are seeing strong demand from hyperscalers. Microsoft's $392 billion contracted backlog highlights its impressive revenue visibility.,The Motley Fool,"Sun, 16 Nov 2025 10:40:00 -0500",[],AMZN,Positive,0.12541583567597606,0.22273633994923467,0.6518478243747893
https://www.fool.com/investing/2025/11/16/my-3-favorite-stocks-to-buy-now/,My 3 Favorite Stocks to Buy Right Now,"Amazon has formidable moats and multiple avenues for growth. Enbridge offers stability, a generous dividend, and growth opportunities related to AI.",The Motley Fool,"Sun, 16 Nov 2025 09:30:00 -0500",['StocksToWatch'],AMZN,Positive,0.16355489743376495,0.18078550061254323,0.6556596019536918
https://www.wsj.com/tech/ai/ai-is-making-big-tech-weaker-6a12b0b7,AI Is Making Big Tech Weaker,Balance sheets and cash flows are showing the strain of AI investments and forcing investors to think about companies differently.,WSJ,"Sun, 16 Nov 2025 05:30:00 -0500",['paywall'],AMZN,Positive,0.3007583789661001,0.2791972132391624,0.42004440779473745
https://247wallst.com/investing/2025/11/15/the-hidden-growth-engine-inside-amazon-no-one-is-talking-about/?utm_source=snapi,The Hidden Growth Engine Inside Amazon No One Is Talking About,Amazon ( NASDAQ:AMZN ) dominates as an e-commerce and cloud services giant.,24/7 Wall Street,"Sat, 15 Nov 2025 08:51:29 -0500",[],AMZN,Positive,0.25640496678393165,0.15186884581636426,0.5917261873997042
https://www.fool.com/investing/2025/11/15/3-stocks-that-turned-1000-into-1-million-or-more/,"3 Stocks That Turned $1,000 Into $1 Million (or More)","Nvidia, Amazon, and Microsoft started with one product and expanded from there. It took decades to achieve impressive 1,000x returns.",The Motley Fool,"Sat, 15 Nov 2025 06:00:00 -0500",[],AMZN,Positive,0.18426259280622898,0.2689064550536673,0.5468309521401038
https://www.reuters.com/business/finance/us-hedge-funds-trim-stakes-magnificent-seven-stocks-third-quarter-2025-11-15/,US hedge funds trim stakes in 'Magnificent Seven' stocks in third quarter,"Wall Street's largest hedge funds reduced exposure to ""Magnificent Seven"" stocks including Nvidia , Amazon , Alphabet and Meta in the third quarter, while taking new positions in application software, e-commerce and payments companies, according to regulatory filings on Friday.",Reuters,"Fri, 14 Nov 2025 19:53:31 -0500",[],AMZN,Positive,0.23589313047316096,0.34745529518935914,0.41665157433747996
https://www.benzinga.com/markets/hedge-funds/25/11/48882412/druckenmiller-opens-position-in-amazon-closes-microsoft-heres-more-of-duquesnes-biggest-q3-moves?utm_source=snapi,"Druckenmiller Opens Position In Amazon, Closes Microsoft — Here's More Of Duquesne's Biggest Q3 Moves","Stanley Druckenmiller's Duquesne Family Office filed its third-quarter 13F on Friday and revealed a dynamic and actively managed portfolio, reinforcing the firm's reputation for agile and opportunity-driven asset allocation.",Benzinga,"Fri, 14 Nov 2025 16:59:21 -0500",['paywall'],AMZN,Positive,0.20896109940156546,0.37638366033214926,0.4146552402662852
https://247wallst.com/investing/2025/11/14/3-tech-stocks-that-will-beat-the-sp-500-next-year/?utm_source=snapi,3 Tech Stocks That Will Beat The S&P 500 Next Year,The tech sector has been one of the most reliable industries for long-term returns.,24/7 Wall Street,"Fri, 14 Nov 2025 14:20:42 -0500",[],AMZN,Positive,0.17565898852856338,0.2293556540099045,0.5949853574615321
https://247wallst.com/investing/2025/11/14/wall-street-is-still-pounding-the-table-over-mp-gps-and-nvda/?utm_source=snapi,"Wall Street is Still Pounding the Table Over MP, GPS and NVDA","(function(w,i,g){w[g]=w[g]||[];if(typeof w[g].push=='function')w[g].push(i)}) (window,'G-0CCJNW2GVQ','google_tags_first_party'); window.dataLayer = window.dataLayer || []; function gtag(){dataLayer.push(arguments);} gtag('js', new Date()); gtag('set', 'developer_id.dY2E1Nz', true); !function(){""use strict"";const t={adt_ei:{identityApiKey:""plainText"",source:""url"",type:""plaintext"",priority:1},adt_eih:{identityApiKey:""sha256"",source:""urlh"",type:""hashed"",priority:2},sh_kit:{identityApiKey:""sha256"",source:""urlhck"",type:""hashed"",priority:3}},e=Object.keys(t);function i(t){return function(t){const e=t.match(/((?=([a-z0-9._!",24/7 Wall Street,"Fri, 14 Nov 2025 09:48:01 -0500",[],AMZN,Positive,0.2514891184821727,0.3382043513683145,0.41030653014951274
https://247wallst.com/forecasts/2025/11/14/amazon-amzn-stock-price-prediction-in-2030-bull-base-bear-forecasts/?utm_source=snapi,"Amazon (NASDAQ: AMZN) Stock Price Prediction in 2030: Bull, Bear, & Baseline Forecasts (Nov 14)",Amazon.com Inc. (NASDAQ: AMZN) has been one of the stock market's biggest success stories ever.,24/7 Wall Street,"Fri, 14 Nov 2025 09:00:58 -0500",[],AMZN,Positive,0.16584853978810216,0.18969930530689963,0.6444521549049983
https://seekingalpha.com/article/4843571-mercadolibre-latin-americas-amazon-is-still-in-the-early-innings,MercadoLibre: Latin America's Amazon Is Still In The Early Innings,"MercadoLibre remains a top growth stock pick, leveraging its dominant marketplace and fintech presence across Latin America. MELI's revenues have surged nearly 40% YoY, with user growth and expanding fintech adoption driving robust top-line gains. Despite recent flat net income, strategic investments are expected to yield rapid EPS growth, making MELI's current valuation attractive.",Seeking Alpha,"Fri, 14 Nov 2025 08:15:30 -0500",['paylimitwall'],AMZN,Positive,0.1396160059458788,0.207543701118159,0.6528402929359622
https://www.fool.com/investing/2025/11/14/where-will-amazon-stock-be-in-3-years/,Where Will Amazon Stock Be in 3 Years?,"Amazon's advertising business is helping to drive its e-commerce growth. Additionally, Amazon Web Services (AWS) experienced an excellent quarter.",The Motley Fool,"Fri, 14 Nov 2025 06:30:00 -0500",[],AMZN,Positive,0.15650551660457698,0.18861343128969102,0.6548810521057321
https://www.fool.com/investing/2025/11/14/best-e-commerce-stock-to-buy-amazon-vs-shopify/,Best E-Commerce Stock To Buy: Amazon Vs. Shopify,"Amazon and Shopify are two e-commerce leaders with different business models. Amazon is more diversified, with AWS, online ads, and AI accelerating growth rates.",The Motley Fool,"Fri, 14 Nov 2025 03:16:00 -0500",[],AMZN,Positive,0.26520283025947683,0.2072951989539276,0.5275019707865957
https://www.proactiveinvestors.co.uk/companies/news/1082502?SNAPI,Big Tech divisions widen as Amazon quietly backs tougher curbs on Nvidia's China chip exports,"Amazon.com Inc (NASDAQ:AMZN) reported support for the GAIN AI Act marks another turn in Washington's increasingly fractious debate over how tightly to control the flow of advanced processors to China. The legislation, already endorsed by Microsoft and Anthropic, would force chipmakers such as Nvidia to meet domestic demand for cutting-edge hardware before shipping units abroad.",Proactive Investors,"Fri, 14 Nov 2025 03:00:02 -0500",[],AMZN,Positive,0.26981323112095584,0.1566386728965843,0.5735480959824598
https://www.reuters.com/business/retail-consumer/amazon-microsoft-back-effort-restrict-nvidias-exports-china-wsj-reports-2025-11-14/,"Amazon, Microsoft back effort to restrict Nvidia's exports to China, WSJ reports","Amazon is joining Microsoft in backing legislation to further limit chipmaker Nvidia's ability to export to China, the Wall Street Journal reported on Thursday, citing people familiar with the matter.",Reuters,"Thu, 13 Nov 2025 21:21:02 -0500",[],AMZN,Positive,0.2608959409066413,0.33415859904164696,0.4049454600517118
https://www.wsj.com/tech/amazon-and-microsoft-back-effort-that-would-restrict-nvidias-exports-to-china-21e29e01,Amazon and Microsoft Back Effort That Would Restrict Nvidia's Exports to China,Legislation in Washington would give tech leaders preferential access to chips at their data centers around the world.,WSJ,"Thu, 13 Nov 2025 21:00:00 -0500",['paywall'],AMZN,Positive,0.3152386228571953,0.23349600451976288,0.4512653726230419
https://seekingalpha.com/article/4843425-amazon-the-best-opportunity-out-of-the-magnificent-7,Amazon: The Best Opportunity Out Of The Magnificent 7?,"Amazon.com, Inc. stands out as a structurally diversified tech leader, making it a compelling long-term portfolio core among the Magnificent 7 stocks. AMZN's growth is driven by AWS, advertising, and third-party marketplace services, with recent heavy CapEx investments expected to fuel future free cash flow rebounds. Despite short-term free cash flow compression and competitive risks, AMZN's fundamentals remain strong, supported by operational efficiency and a robust balance sheet.",Seeking Alpha,"Thu, 13 Nov 2025 16:48:48 -0500",['paylimitwall'],AMZN,Positive,0.10096193054364762,0.13147610318555422,0.7675619662707982
https://www.fool.com/investing/2025/11/13/2-magnificent-seven-stocks-to-buy-before-they-soar/,"2 ""Magnificent Seven"" Stocks to Buy Before They Soar at Least 20%, According to Select Wall Street Analysts","Meta Platforms may be spending vast amounts of cash on projects that are far from paying off, but its profit margins are still wide. The growth of Amazon's cloud-computing operation isn't slowing, which will likely drive strong increases in its operating profits.",The Motley Fool,"Thu, 13 Nov 2025 15:29:00 -0500",['StocksToWatch'],AMZN,Positive,0.26797666171807377,0.19819474249180744,0.5338285957901188
https://www.geekwire.com/2025/project-kuiper-no-more-amazon-renames-satellite-internet-venture-leo-on-path-to-commercial-service/,‘Project Kuiper' no more: Amazon renames satellite internet venture ‘Leo' on path to commercial service,Amazon is rebranding its ambitious effort to expand global access to high-speed internet: Project Kuiper will now be known as Amazon,GeekWire,"Thu, 13 Nov 2025 12:04:44 -0500",[],AMZN,Positive,0.2827416178208621,0.22057924148455835,0.4966791406945796
https://www.fool.com/investing/2025/11/13/best-artificial-intelligence-ai-stock-to-hold-amzn/,The Best Artificial Intelligence (AI) Stock to Hold in Uncertain Times,Amazon's cloud business drives the majority of its operating income. The company's P/E ratio has become increasingly attractive in recent years.,The Motley Fool,"Thu, 13 Nov 2025 10:33:00 -0500",[],AMZN,Positive,0.2730988656731786,0.34032600546132424,0.3865751288654972
https://www.zacks.com/stock/news/2790438/4-stocks-to-add-to-your-portfolio-as-dow-hits-all-time-closing-high?cid=CS-STOCKNEWSAPI-FT-analyst_blog|investment_ideas-2790438,4 Stocks to Add to Your Portfolio as Dow Hits All-Time Closing High,"As the Dow hits a record above 48,000, optimism grows for a year-end rally -- making AMZN, NVDA, JPM, and MMM top stocks to watch.",Zacks Investment Research,"Thu, 13 Nov 2025 10:05:54 -0500",[],AMZN,Positive,0.17607755732591318,0.2724389469572307,0.5514834957168562
https://www.forbes.com/sites/greatspeculations/2025/11/13/buy-or-sell-amazon-stock/,Buy Or Sell Amazon Stock?,"We believe there is little to worry about with AMZN stock given its overall Strong operating performance and financial status. Year-to-date, the stock has gained just about 10%, trailing the Nasdaq-100's 20% plus advance.",Forbes,"Thu, 13 Nov 2025 08:55:03 -0500",['paylimitwall'],AMZN,Positive,0.2252644148369415,0.17766522725310344,0.597070357909955
https://seekingalpha.com/article/4842631-amazon-path-to-3-trillion,Amazon: Path To $3 Trillion,"Amazon.com, Inc. remains a Strong Buy, driven by robust financials, expanding AI initiatives, and strategic positioning in e-commerce and cloud. AMZN delivered strong Q3 2025 results, with revenue and EPS growth outpacing expectations, highlighting operating leverage and improved cash flow. Aggressive AI infrastructure investments, highlighted by the $38B OpenAI deal, and expanding AWS partnerships reinforce AMZN's leadership in cloud and innovation.",Seeking Alpha,"Thu, 13 Nov 2025 08:00:00 -0500",['paylimitwall'],AMZN,Positive,0.05820105907930939,0.17695554488759271,0.7648433960330979
https://seekingalpha.com/article/4843047-2-years-of-rise-of-magnificent-seven-tech-stocks,2 Years Of The Rise Of The 'Magnificent Seven' Tech Stocks,"The seven companies that make up the S&P 500's ""Magnificent Seven"" stocks have been on the rise for some time. Two years ago, they combined to account for 30% of the total valuation of the S&P 500 (SPX).",Seeking Alpha,"Thu, 13 Nov 2025 07:36:00 -0500",['paylimitwall'],AMZN,Positive,0.13085563627513855,0.36559244730387397,0.5035519164209875
https://seekingalpha.com/article/4842560-forget-ai-race-build-income-to-survive-next-market-crash,Forget The AI Race: Build Income First To Survive The Next Market Crash,Recessions can force investors to sell growth stocks too soon. Income first: Ensure bills are paid before speculating on growth. Diversification with income holdings provides an all-terrain portfolio.,Seeking Alpha,"Thu, 13 Nov 2025 07:35:00 -0500",['paylimitwall'],AMZN,Positive,0.20745251444989019,0.29356633638262364,0.49898114916748615
https://www.fool.com/investing/2025/11/13/one-best-retail-stocks-own-next-10-years/,What Is One of the Best Retail Stocks to Own for the Next 10 Years?,"Amazon's focus on improving the shopping experience with AI makes the stock an attractive long-term investment. Its Rufus AI shopping assistant has driven $10 billion in incremental annualized sales, and that's just the start.",The Motley Fool,"Thu, 13 Nov 2025 07:10:00 -0500",[],AMZN,Positive,0.2239763604391404,0.18976918424824887,0.5862544553126107
https://www.fool.com/investing/2025/11/13/the-best-warren-buffett-stock-to-buy-with-500-righ/,The Best Warren Buffett Stock to Buy With $500 Right Now,Buffett declined to invest in Amazon for years. Berkshire Hathaway finally invested in 2019.,The Motley Fool,"Thu, 13 Nov 2025 04:52:00 -0500",['wbuffett'],AMZN,Positive,0.23517270807744892,0.31809774699698434,0.4467295449255668
https://www.fool.com/investing/2025/11/13/what-is-one-of-the-best-artificial-intelligence-ai/,What Is One of the Best Artificial Intelligence (AI) Stocks to Own for the Next 10 Years?,"Amazon has huge opportunities in artificial intelligence (AI), which is already bringing in billions for the company. AWS sales growth accelerated in the third quarter.",The Motley Fool,"Thu, 13 Nov 2025 03:05:00 -0500",[],AMZN,Positive,0.23449199049756825,0.21111145942565088,0.5543965500767808
https://www.fool.com/investing/2025/11/12/if-youd-invested-100-in-hot-ticker-stock-1510-year/,"If You'd Invested $100 in Amazon Stock 3 Years Ago, Here's How Much You'd Have Today","Three years ago, Amazon was saddled with costs from its lockdown-era capacity improvements. The company's stock had fallen by nearly 50% in November 2022.",The Motley Fool,"Wed, 12 Nov 2025 17:00:54 -0500",[],AMZN,Positive,0.3928486586890248,0.1350202666266295,0.47213107468434573
https://nypost.com/2025/11/12/business/amazon-warehouse-employees-sue-over-punitive-handling-of-absences/,Amazon warehouse employees sue over ‘punitive' handling of absences,"The e-commerce giant was accused of docking unpaid time off when it orders New York employees seeking accommodations for disabilities to stay home, and then threatening to fire them for missing too much work.",New York Post,"Wed, 12 Nov 2025 15:25:38 -0500",[],AMZN,Negative,0.4911375285467564,0.23135494743580823,0.27750752401743534
https://seekingalpha.com/article/4842664-amazon-dont-let-forward-pe-fool-you-stock-still-cheap,Amazon: Don't Let The Forward P/E Fool You - The Stock Is Still Cheap,"Amazon.com, Inc. is a dominant force in e-commerce and cloud computing, with a $2.6 trillion market cap and strong outperformance versus the benchmark. AMZN benefits from AI-driven demand, rapid top- and bottom-line growth, a robust balance sheet, and a significant competitive moat with a sticky customer base. Despite a forward P/E of 35x, AMZN stock could be undervalued if growth continues, justifying a Strong Buy rating and a $300 price target for 21% upside.",Seeking Alpha,"Wed, 12 Nov 2025 15:15:35 -0500",['paylimitwall'],AMZN,Positive,0.06254773415867315,0.11830811931033124,0.8191441465309957
https://www.businessinsider.com/amazon-whole-foods-absorb-workforce-project-cremini-2025-11,Amazon plans to absorb Whole Foods' entire workforce as part of 'Project Cremini',Amazon will integrate all Whole Foods frontline workers into its core business systems. Whole Foods is finally being absorbed into Amazon's broader operations.,Business Insider,"Wed, 12 Nov 2025 15:10:22 -0500",['paywall'],AMZN,Positive,0.2806739432754218,0.28550908957405385,0.4338169671505243
https://www.pymnts.com/amazon/2025/amazon-debuts-ai-powered-tools-for-business-clients/?utm_source=snapi,Amazon Debuts AI-Powered Tools for Business Clients,"Amazon is introducing a series of AI-powered solutions to help business clients. These new offerings, announced Wednesday (Nov. 11), include the new Amazon Business Assistant which is available to Amazon Business at no added cost.",PYMNTS,"Wed, 12 Nov 2025 14:47:50 -0500",[],AMZN,Positive,0.32855480117682134,0.2628171765007864,0.40862802232239226
https://www.reuters.com/business/world-at-work/amazon-sued-over-punitive-handling-employee-absences-2025-11-12/,Amazon sued over 'punitive' handling of employee absences,"Amazon.com was sued on Wednesday in a proposed class action saying the retailer subjects thousands of warehouse employees with disabilities to a ""punitive"" policy governing workplace absences.",Reuters,"Wed, 12 Nov 2025 13:51:01 -0500",[],AMZN,Negative,0.7116865086861046,0.1433080253483523,0.14500546596554306
https://nypost.com/2025/11/12/business/amazon-backed-anthropic-commits-50b-to-build-us-data-centers/,Amazon-backed Anthropic commits $50B to build US data centers,"Tech companies have announced massive spending plans this year, as President Trump pushes for investments on American soil to maintain the country's edge in the AI sector.",New York Post,"Wed, 12 Nov 2025 13:01:54 -0500",[],AMZN,Positive,0.2948451684994155,0.2134503806043064,0.4917044508962782
https://www.fool.com/investing/2025/11/12/what-is-one-of-the-best-artificial-intelligence-st/,What Is One of the Best Artificial Intelligence Stocks to Own for the Next 5 Years?,"Amazon is investing hundreds of millions of dollars in its AI business. It has a huge AI business on the AWS platform, and it also has a minority stake in Anthropic, maker of the Claude LLM.",The Motley Fool,"Wed, 12 Nov 2025 10:28:00 -0500",[],AMZN,Positive,0.2839412233520622,0.3449949962281379,0.37106378041980004
https://www.zacks.com/stock/news/2789801/will-aws-growing-capital-spending-boost-or-burden-amazon-stock?cid=CS-STOCKNEWSAPI-FT-analyst_blog|quick_take-2789801,Will AWS' Growing Capital Spending Boost or Burden Amazon Stock?,AMZN's more than $75 billion capital spending plan for AWS infrastructure positions the cloud leader to capitalize on surging AI demand despite near-term margin pressure.,Zacks Investment Research,"Wed, 12 Nov 2025 09:31:21 -0500",[],AMZN,Positive,0.2127273142694033,0.16132004062974362,0.625952645100853
https://www.businesswire.com/news/home/20251112715364/en/Patrick-Ryan%E2%80%99s-Buckeye-Tops-Amazon%E2%80%99s-Best-Books-of-2025-List/,Patrick Ryan's Buckeye Tops Amazon's Best Books of 2025 List,"SEATTLE--(BUSINESS WIRE)--Amazon (NASDAQ: AMZN) today unveiled its Best Books of 2025 list. Patrick Ryan's Buckeye claims the No. 1 spot, chosen by the Amazon Editors for its captivating multigenerational storytelling. The top five also include Virginia Evans' The Correspondent, Nina Willner's The Boys in the Light, Ocean Vuong's The Emperor of Gladness, and Charlotte McConaghy's Wild Dark Shore. For 25 years, the Amazon Editors have read and debated thousands of new releases to create the annu.",Business Wire,"Wed, 12 Nov 2025 09:15:00 -0500",['PressRelease'],AMZN,Positive,0.2567243615426416,0.34880215635942646,0.3944734820979319
https://www.reuters.com/sustainability/cop/across-bay-cop30-police-patrol-amazon-island-buffaloes-2025-11-12/,"Across the bay from COP30, police patrol Amazon island on buffaloes","As officials and activists gather in the Brazilian city of Belem for the COP30 United Nations climate talks, the town of Soure across the water on Marajo Island features an unusual mode of sustainable transport: buffaloes.",Reuters,"Wed, 12 Nov 2025 08:57:02 -0500",[],AMZN,Positive,0.2721093173767796,0.34776661032913697,0.38012407229408335
https://seekingalpha.com/article/4842382-amazon-amazon-q3-beat-the-street-but-aws-is-the-weak-link,"Amazon: Amazon Q3 Beat The Street, But AWS Is The Weak Link","Amazon delivered strong Q3 earnings, beating expectations on revenue and EPS, but AWS cloud growth lags competitors like GOOG and MSFT. AMZN's free cash flow is pressured by heavy capex, yet robust returns on invested capital and a reasonable forward PEG ratio support a bullish outlook. Technical analysis suggests positive momentum, but short-term pullbacks toward $235 could offer attractive entry points for long positions.",Seeking Alpha,"Wed, 12 Nov 2025 08:20:00 -0500","['earnings', 'paylimitwall']",AMZN,Positive,0.12116471435868129,0.24096303100397598,0.6378722546373427
https://247wallst.com/investing/2025/11/12/amazon-stock-amzn-price-prediction-and-forecast/?utm_source=snapi,Amazon Stock (NASDAQ: AMZN) Price Prediction and Forecast 2025-2030 for November 12,Shares of Amazon.com Inc. (NASDAQ: AMZN) gained 0.50% over the past five trading sessions after gaining 7.59% the five prior.,24/7 Wall Street,"Wed, 12 Nov 2025 08:00:37 -0500",[],AMZN,Positive,0.13758452719027386,0.2856677795941028,0.5767476932156234
https://www.businesswire.com/news/home/20251112781484/en/Amazon-Business-Unveils-Next-Generation-AI-Solutions-to-Help-Organizations-and-Small-Businesses-Save-Time-and-Money/,Amazon Business Unveils Next Generation AI Solutions to Help Organizations and Small Businesses Save Time and Money,"SEATTLE--(BUSINESS WIRE)--Today, at Amazon Business' Reshape conference, Amazon (NASDAQ: AMZN) announced a number of new AI-powered solutions including the Amazon Business Assistant to help organizations discover savings, automate routine tasks, and make spending easier and more efficient. These innovations, all powered by Amazon Bedrock, AWS's fully managed service for building and scaling generative artificial intelligence (AI) applications, represent the next step in Amazon Business' smart b.",Business Wire,"Wed, 12 Nov 2025 08:00:00 -0500",['PressRelease'],AMZN,Neutral,0.16619270083566237,0.45504840949959174,0.37875888966474575
https://www.marketbeat.com/originals/amazon-is-one-of-the-clearest-buys-if-the-market-dips-again/?utm_source=snapi,Amazon Is One of the Clearest Buys If the Market Dips Again,"Amazon.com Inc. NASDAQ: AMZN has once again shown why it remains one of the most reliable names in the market. The stock has held firm near $250, even as the broader indices retreated through the end of last week.",MarketBeat,"Wed, 12 Nov 2025 07:06:12 -0500",[],AMZN,Positive,0.23374551819965397,0.23736893388775887,0.5288855479125871
https://www.fool.com/investing/2025/11/12/how-does-amazon-make-money/,How Does Amazon Make Money?,"Amazon is investing in AI infrastructure to support its cloud business and long-term growth goals. E-commerce is still responsible for most of its revenue, but its cloud business is the most profitable.",The Motley Fool,"Wed, 12 Nov 2025 06:17:00 -0500",[],AMZN,Positive,0.12754972342685733,0.23690077772067716,0.6355494988524656
https://www.businesswire.com/news/home/20251112216141/en/Amazon-Web-Services-becomes-the-Official-Cloud-Provider-of-the-DP-World-Tour/,Amazon Web Services becomes the Official Cloud Provider of the DP World Tour,"SURREY, England--(BUSINESS WIRE)--The DP World Tour and Amazon Web Services (AWS) today announced a strategic partnership that will see the world's most comprehensive and broadly adopted cloud become the Official Cloud Provider of golf's global Tour. Leveraging AWS's industry-leading AI infrastructure, the DP World Tour will roll-out a suite of solutions that combine real-time data with historical context to revolutionise the media, spectator and player experience. Enhancing and Personalising t.",Business Wire,"Wed, 12 Nov 2025 04:00:00 -0500",['PressRelease'],AMZN,Neutral,0.10316157350780232,0.45640316751583226,0.4404352589763654
https://www.fool.com/investing/2025/11/12/amazon-earnings-show-why-the-stock-is-a-buy/,Amazon Earnings Show Why the Stock Is a Buy,Amazon's third-quarter revenue rose 13% year over year. The company's operating cash flow grew even faster than sales during the period.,The Motley Fool,"Wed, 12 Nov 2025 03:56:00 -0500",['earnings'],AMZN,Positive,0.288100809808582,0.29170342141217376,0.42019576877924425
https://nypost.com/2025/11/11/business/amazons-massive-layoffs-include-nearly-700-terminations-in-nyc-state-department-of-labor/,"Amazon cuts 700 jobs in NYC alone on quest to streamline by slashing 30,000 positions","“The size of the Amazon cuts remains a head scratcher given the battle for talent and [the] AI revolution in motion,” said Wedbush analyst Dan Ives.",New York Post,"Tue, 11 Nov 2025 18:48:58 -0500",['Layoffs'],AMZN,Positive,0.3694625822342477,0.18748488811084388,0.4430525296549084
https://www.youtube.com/watch?v=62SSFPpFHBA,"Amazon is probably an AI winner, says Evercore's Mark Mahaney","Mark Mahaney, Evercore ISI head of internet research, joins 'The Exchange' to discuss Mahaney's thoughts on the AI trade,  if investors should wait for a pullback and much more.",CNBC Television,"Tue, 11 Nov 2025 13:36:15 -0500",[],AMZN,Neutral,0.23183076688454732,0.4884167977286691,0.27975243538678357
https://www.zacks.com/stock/news/2789300/amazon-amzn-is-a-top-ranked-growth-stock-should-you-buy?cid=CS-STOCKNEWSAPI-FT-tale_of_the_tape|zacks_education_growth_score-2789300,Amazon (AMZN) is a Top-Ranked Growth Stock: Should You Buy?,"Wondering how to pick strong, market-beating stocks for your investment portfolio? Look no further than the Zacks Style Scores.",Zacks Investment Research,"Tue, 11 Nov 2025 10:46:19 -0500",[],AMZN,Positive,0.11498913795508324,0.1535516852005988,0.731459176844318
https://deadline.com/2025/11/amazon-prime-video-ad-supported-reach-315-million-viewers-1236613887/,Amazon Prime Video Ad-Supported Reach Hits 315M Monthly Viewers,"Amazon says advertising on Prime Video now reaches 315 monthly viewers, up from 200 million in April 2024. The step-up was announced Tuesday at unBoxed, the annual Amazon Ads event, being held this year in Nashville, TN.",Deadline,"Tue, 11 Nov 2025 10:05:22 -0500",[],AMZN,Positive,0.29849565850626797,0.1631809460074881,0.5383233954862439
https://www.zacks.com/stock/news/2789103/5-stocks-to-buy-despite-a-subdued-holiday-shopping-forecast-this-year?cid=CS-STOCKNEWSAPI-FT-analyst_blog|investment_ideas-2789103,5 Stocks to Buy Despite a Subdued Holiday Shopping Forecast This Year,"Muted holiday sales growth is expected, but retailers like AMZN, WMT, TPR, DG and EXPE still shine as smart seasonal picks.",Zacks Investment Research,"Tue, 11 Nov 2025 09:11:10 -0500",['StocksToWatch'],AMZN,Positive,0.20663602617681867,0.250256878114651,0.5431070957085303
https://www.fxempire.com/forecasts/article/amzn-aapl-and-goog-forecast-major-us-stocks-quiet-in-premarket-1560434,"AMZN, AAPL and GOOG Forecast – Major US Stocks Quiet in Premarket","Tech stocks were subdued in pre-market trading on Tuesday. The analyst sees short-term consolidation across Amazon, Apple, and Google but maintains a bullish long-term outlook, viewing any pullbacks as potential buying opportunities.",FXEmpire,"Tue, 11 Nov 2025 08:45:18 -0500",[],AMZN,Positive,0.29919492560152317,0.08416558742987616,0.6166394869686007
https://www.fool.com/investing/2025/11/11/amazon-cloud-business-aws-actually-thriving-stock/,Is Amazon's Cloud Business Actually Thriving? Some Data Tells a Different Story.,Amazon Web Services' top and bottom lines both continued their long-established growth in Q3. Other measures suggest AWS doesn't have the marketability it did just a few quarters back.,The Motley Fool,"Tue, 11 Nov 2025 04:00:00 -0500",[],AMZN,Positive,0.13115268828861557,0.3037120385068568,0.5651352732045276
https://www.fool.com/investing/2025/11/10/5-warren-buffett-stocks-to-hold-forever/,5 Warren Buffett Stocks to Hold Forever,Berkshire Hathaway has massive investments in Apple and American Express. Amazon Web Services is growing quickly.,The Motley Fool,"Mon, 10 Nov 2025 21:02:00 -0500",['wbuffett'],AMZN,Positive,0.23428210422413395,0.3456486040917441,0.420069291684122
https://www.zacks.com/commentary/2788873/stocks-to-watch-for-the-first-trillion-dollar-holiday-shopping-season?cid=CS-STOCKNEWSAPI-FT-investment_ideas-2788873,Stocks to Watch for the First Trillion Dollar Holiday Shopping Season,"Savvy investors are eyeing the retail sector, with this holiday shopping season expected to be the first in U.S. history to exceed $1 trillion in sales.",Zacks Investment Research,"Mon, 10 Nov 2025 18:13:25 -0500",['StocksToWatch'],AMZN,Positive,0.29855452541766087,0.19423294506128178,0.5072125295210573
https://www.zacks.com/commentary/2788850/making-sense-of-the-market-s-tech-worries?cid=CS-STOCKNEWSAPI-FT-earnings_preview-2788850,Making Sense of the Market's Tech Worries,"The recent pullback in leading artificial intelligence stocks has rekindled concerns about the group's stock price momentum and market leadership. The absence of economic data due to the government shutdown, at a time of economic vulnerabilities, is adding to market angst.",Zacks Investment Research,"Mon, 10 Nov 2025 15:29:21 -0500",[],AMZN,Negative,0.46648457377893704,0.1607604572507551,0.3727549689703079
https://www.youtube.com/watch?v=kbe-poaOXoY,Trade Tracker: Bill Baruch buys more Amazon and Uber,"Bill Baruch, founder & president at Blue Line Capital, joins CNBC's 'Halftime Report' to detail his latest portfolio moves. The Investment Committee debate the trades.",CNBC Television,"Mon, 10 Nov 2025 15:09:15 -0500",[],AMZN,Neutral,0.17097463610880256,0.6095626241098603,0.2194627397813371
https://www.benzinga.com/markets/tech/25/11/48761826/amazons-150-billion-ai-capex-surge-could-force-its-first-big-bond-deal-in-years?utm_source=snapi,Amazon's $150 Billion AI Capex Surge Could Force Its First Big Bond Deal In Years,"For a company that practically prints cash, Amazon.com Inc. (NASDAQ:AMZN) might soon need Wall Street's help again. The e-commerce and cloud giant has not issued a major bond deal since 2021, when it raised $18.5 billion to fund the MGM acquisition — its last significant borrowing in over four years.",Benzinga,"Mon, 10 Nov 2025 13:41:19 -0500",['paywall'],AMZN,Positive,0.19290712361418869,0.15946479156140086,0.6476280848244104
https://www.fool.com/investing/2025/11/10/amazon-stock-just-hit-an-all-time-high-is-it-too-l/,Amazon Stock Just Hit an All-Time High: Is It Too Late to Buy the Stock?,Amazon hit it out of the park with its third-quarter results. The company's fastest-growing segments should eventually improve both its sales growth and margins.,The Motley Fool,"Mon, 10 Nov 2025 13:21:00 -0500",[],AMZN,Positive,0.19013441919936264,0.1665830801209336,0.6432825006797037
https://www.pymnts.com/amazon/2025/amazon-marks-haul-expansion-with-11-cent-deals/?utm_source=snapi,Amazon Marks ‘Haul' Expansion With 11-Cent Deals,"Amazon said it is marking the one-year anniversary of its “Haul” service with $1 deals. It‘s part of a two-day “shopping event” scheduled for Monday (Nov. 10) and Tuesday (Nov. 11), with the eCommerce giant selling tens of thousands of products priced at $1 on the first day, and “exclusive $0.",PYMNTS,"Mon, 10 Nov 2025 12:35:32 -0500",[],AMZN,Positive,0.3370526168051616,0.24971796318095704,0.41322942001388147
https://247wallst.com/investing/2025/11/10/amazon-still-plans-to-replace-250k-new-jobs-with-robots/?utm_source=snapi,Amazon Still Plans To Replace 250k New Jobs With Robots,"It struck me how confident Amazon seemed heading into the holidays. When I told Lee about their plan to hire 250,000 seasonal workers, he didn't hesitate.",24/7 Wall Street,"Mon, 10 Nov 2025 11:20:07 -0500",[],AMZN,Negative,0.49617971883564116,0.22490740591800493,0.278912875246354
https://www.fool.com/investing/2025/11/10/3-technology-buys-that-wall-street-loves/,3 Technology Buys That Wall Street Loves,Wall Street analysts advise buying these stocks and expecting them to climb in the coming 12 months. These companies are key players in the artificial intelligence market.,The Motley Fool,"Mon, 10 Nov 2025 05:15:00 -0500",[],AMZN,Positive,0.17043118991125342,0.17138297160631022,0.6581858384824364
https://www.fool.com/investing/2025/11/10/growth-stock-buy-nvidia-alphabet-3-trillion-club/,"1 Spectacular Growth Stock to Buy Before It Joins Nvidia, Apple, Microsoft, and Alphabet in the $3 Trillion Club","Nine American companies are currently worth $1 trillion or more, but only four have graduated into the $3 trillion club. Amazon is one of the world's most diverse tech companies, with dominant positions in e-commerce, cloud computing, digital advertising, and more.",The Motley Fool,"Mon, 10 Nov 2025 04:56:00 -0500",[],AMZN,Positive,0.15403834751040957,0.1890552171881402,0.6569064353014503
https://www.fool.com/investing/2025/11/10/want-to-invest-in-quantum-computing-3-stocks-that/,Want to Invest in Quantum Computing? 3 Stocks That Are Great Buys Right Now,Alphabet's Google Quantum AI achieved quantum advantage with its Willow quantum chip last month. Amazon thinks its technology can dramatically lower the costs of quantum error correction.,The Motley Fool,"Mon, 10 Nov 2025 04:44:00 -0500",[],AMZN,Negative,0.44994307616264834,0.15728450920124368,0.3927724146361081
https://247wallst.com/investing/2025/11/10/amazon-stock-price-prediction-where-will-it-be-in-1-year/?utm_source=snapi,Amazon (NASDAQ: AMZN) Stock Price Prediction for 2025: Where Will It Be in 1 Year,Shares of Amazon.com Inc. (NASDAQ: AMZN) lost 0.81% over the past five trading sessions after gaining 7.35% the five prior.,24/7 Wall Street,"Mon, 10 Nov 2025 04:38:05 -0500",[],AMZN,Positive,0.16633279681789223,0.324010980228873,0.5096562229532348
https://www.fool.com/investing/2025/11/09/warren-buffetts-portfolio-for-2026/,23% of Warren Buffett's $257 Billion Portfolio for 2026 Is Invested in These 2 Unstoppable Stocks,"Warren Buffett generally doesn't invest in tech stocks, but he couldn't resist the following two. These players have something Buffett likes: fantastic moats, or competitive advantages.",The Motley Fool,"Sun, 09 Nov 2025 19:30:00 -0500",['wbuffett'],AMZN,Positive,0.229797908786166,0.28107244188460406,0.48912964932923
https://www.cnbc.com/2025/11/09/top-wall-street-analysts-favor-3-tech-stocks-for-their-growth-outlook.html,Top Wall Street analysts favor these 3 tech stocks for their growth outlook,"TipRanks' ranking service discusses three stocks that are favored by Wall Street, including Amazon and Alphabet.",CNBC,"Sun, 09 Nov 2025 07:28:05 -0500",[],AMZN,Positive,0.1599242325067101,0.27198419417573105,0.5680915733175588
https://www.fool.com/investing/2025/11/09/3-reasons-to-buy-this-top-tech-stock-thats-likely/,"3 Reasons to Buy This Top Tech Stock That's Likely to Join Nvidia, Apple, Microsoft, and Alphabet in the $3 Trillion Market Cap Club Next Year",AWS sales are accelerating Amazon is investing in many new AI services that create real value for clients. It's adding new products to its marketplace and reaching more regions with same-day grocery delivery.,The Motley Fool,"Sun, 09 Nov 2025 06:15:00 -0500",[],AMZN,Positive,0.21950860444060505,0.2275071918104659,0.5529842037489291
https://www.fool.com/investing/2025/11/09/the-biggest-risk-for-amazon-stock-investors-right/,The Biggest Risk for Amazon Stock Investors Right Now,"Amazon's (AMZN +0.56%) management team is increasing spending in this critical category, and it could be risky for investors.",The Motley Fool,"Sun, 09 Nov 2025 06:03:00 -0500",['podcast'],AMZN,Positive,0.334864262103834,0.32668275733207375,0.3384529805640921
https://www.fool.com/investing/2025/11/09/3-reasons-amazon-is-a-no-brainer-buy-right-now/,3 Reasons Amazon Is a No-Brainer Buy Right Now,Amazon's advertising business is its fastest-growing segment. AWS is gaining traction in the AI space.,The Motley Fool,"Sun, 09 Nov 2025 05:00:00 -0500",[],AMZN,Positive,0.1656821650689392,0.19449573356265829,0.6398221013684025
https://www.fool.com/investing/2025/11/09/2-growth-stocks-to-buy-and-hold-forever/,2 Growth Stocks to Buy and Hold Forever,"Amazon is seeing strong operating leverage in its e-commerce business, leading to strong profitability growth in the segment. Meanwhile, its cloud computing business is starting to seeing accelerating growth.",The Motley Fool,"Sun, 09 Nov 2025 04:01:00 -0500",['StocksToWatch'],AMZN,Positive,0.1543457998047914,0.11625190461725263,0.729402295577956
https://www.fool.com/investing/2025/11/09/amazon-stock-analysis-buy-hold-or-sell/,"Amazon Stock Analysis: Buy, Hold, or Sell?",Amazon (AMZN +0.64%) revealed critically important information that all stock market investors should know.,The Motley Fool,"Sun, 09 Nov 2025 03:33:00 -0500",['podcast'],AMZN,Positive,0.33428436922885074,0.18647447593643257,0.4792411548347167
https://www.fool.com/investing/2025/11/09/nasdaq-will-soar-in-2026-my-top-ai-stocks/,History Says the Nasdaq Will Soar in 2026: My Top 10 Artificial Intelligence (AI) Growth Stocks to Buy Before It Does,"The Nasdaq Composite bull market continued in 2025, but history suggests there's additional upside ahead. Businesses are developing new applications for generative AI, and demand continues to climb.",The Motley Fool,"Sun, 09 Nov 2025 03:01:00 -0500",['StocksToWatch'],AMZN,Positive,0.17076768189209232,0.22545603719564974,0.603776280912258
https://247wallst.com/investing/2025/11/08/amazon-luna-levels-up-but-can-it-catch-xbox/?utm_source=snapi,Amazon Luna Levels Up—But Can It Catch Xbox?,Amazon (NASDAQ:AMZN) absolutely knocked one out of the ballpark this quarterly earnings season.,24/7 Wall Street,"Sat, 08 Nov 2025 16:30:25 -0500",[],AMZN,Positive,0.24702085025013162,0.23542542369754887,0.5175537260523195
https://www.fool.com/investing/2025/11/07/prediction-2-stocks-thatll-be-worth-more-than-pala/,Prediction: 2 Stocks That'll Be Worth More Than Palantir 10 Years From Now,"Palantir has been an exceptional stock to own over the past few years, but it's extremely expensive and has a niche market. Amazon has several large and growing businesses and should keep capturing market share.",The Motley Fool,"Fri, 07 Nov 2025 19:00:00 -0500",[],AMZN,Positive,0.20994628587629352,0.21100576695057782,0.5790479471731287
https://www.benzinga.com/trading-ideas/long-ideas/25/11/48730350/bill-ackmans-amazon-trade-reverses-course-now-up-119-million-and-counting-in-third-quarter?utm_source=snapi,Bill Ackman's Amazon Trade Reverses Course – Now Up $119 Million And Counting In Third Quarter,"Pershing Square Capital Management CEO Bill Ackman revealed new bets on the Magnificent 7 stocks in the second quarter, taking a new stake in Amazon.com Inc (NASDAQ:AMZN) and increasing a bet on Alphabet Inc (NASDAQ:GOOG) (NASDAQ:GOOGL).",Benzinga,"Fri, 07 Nov 2025 13:58:05 -0500",['paywall'],AMZN,Positive,0.1461271418002116,0.35457796085957183,0.49929489734021665
https://www.investors.com/news/technology/amazon-stock-amazon-bazaar-ecommerce-mercadolibre-sea-temu/,Amazon Brings Temu Competitor App To 14 New Countries. These E-Commerce Stocks Are Falling.,Amazon's Temu-like Bazaar will operate in 14 countries.,Investors Business Daily,"Fri, 07 Nov 2025 13:26:48 -0500",[],AMZN,Negative,0.4451278672075724,0.29011890884614144,0.2647532239462861
https://www.cnbc.com/2025/11/07/big-techs-ai-spending-spree-smart-long-term-bet-or-short-term-risk.html,Big Tech's AI spending spree: Smart long-term bet or short-term risk?,CNBC's Paulina Likos and Zev Fima break down big tech's massive artificial intelligence spending spree,CNBC,"Fri, 07 Nov 2025 13:20:24 -0500",[],AMZN,Neutral,0.2525514914612304,0.5197032196089715,0.22774528892979803
https://www.investopedia.com/these-analysts-predict-an-ai-sell-off-here-s-the-long-short-trade-they-suggest-11845401,These Analysts Predict an AI Sell-Off. Here's the Long-Short Trade They Suggest,"The boom-bust cycle that has lately powered a pullback in cryptocurrencies and precious metals is coming for AI stocks, according to BCA Research. And they have an idea for how to play it.",Investopedia,"Fri, 07 Nov 2025 12:00:49 -0500",[],AMZN,Negative,0.4696180543845173,0.22457911151052026,0.3058028341049625
https://www.benzinga.com/trading-ideas/movers/25/11/48725983/3-stocks-to-consider-buying-on-record-job-cuts?utm_source=snapi,3 Stocks To Consider Buying On Record Job Cuts,"Layoffs are happening across the board, with more than 153,000 jobs already cut from major names like Ford and UPS.",Benzinga,"Fri, 07 Nov 2025 11:54:32 -0500","['paywall', 'Layoffs']",AMZN,Negative,0.4820184975001506,0.26534218403480664,0.2526393184650426
https://techcrunch.com/2025/11/07/amazon-launches-a-low-price-standalone-shopping-app-amazon-bazaar-in-over-a-dozen-markets/,"Amazon launches a low-price standalone shopping app, Amazon Bazaar, in over a dozen markets","Amazon Haul, the retail giant's Shein and Temu competitor, launched last November, is getting its own standalone app. On Friday, Amazon announced the debut of Amazon Bazaar, a low-cost shopping destination available separately from the main Amazon shopping app.",TechCrunch,"Fri, 07 Nov 2025 10:25:41 -0500",[],AMZN,Negative,0.4372288402652245,0.215596800548595,0.34717435918618045
https://www.reuters.com/business/retail-consumer/amazon-takes-low-cost-ecommerce-service-global-2025-11-07/,Amazon takes low-cost ecommerce service global,"Amazon.com on Friday expanded the reach of its low-cost ecommerce service to 14 additional markets and will call it Amazon Bazaar, as part of a push to compete with Chinese rivals including Shein and PDD Holding's Temu.",Reuters,"Fri, 07 Nov 2025 10:14:49 -0500",[],AMZN,Negative,0.45470805250877155,0.17788726022849297,0.36740468726273545
https://www.fool.com/investing/2025/11/07/3-reasons-to-buy-amazon-stock-like-theres-no-tomor/,3 Reasons to Buy Amazon Stock Like There's No Tomorrow,"Amazon (AMZN 0.84%) just crushed expectations, posting double-digit revenue growth and record AI-driven profits through AWS. With 35% margins and expanding enterprise demand, the stock's path toward $305 looks clearer than ever -- unless regulatory or infrastructure risks get in the way.",The Motley Fool,"Fri, 07 Nov 2025 09:54:31 -0500",['podcast'],AMZN,Positive,0.11824429418304723,0.16742052498805815,0.7143351808288946
https://techxplore.com/news/2025-11-amazon-unveils-latest-customers.html,Amazon unveils latest move to keep customers from shopping elsewhere,"At a Whole Foods store just outside of Philadelphia, Amazon built a small warehouse housing Goldfish crackers, Tide Pods and other items you wouldn't find in an organic grocery store.",TechXplore,"Fri, 07 Nov 2025 08:20:01 -0500",[],AMZN,Positive,0.3261278504538966,0.3321380105894747,0.34173413895662885
https://247wallst.com/forecasts/2025/11/07/amazon-amzn-stock-price-prediction-in-2030-bull-base-bear-forecasts/?utm_source=snapi,"Amazon (NASDAQ: AMZN) Stock Price Prediction in 2030: Bull, Bear, & Baseline Forecasts (Nov 7)",Amazon.com Inc. (NASDAQ: AMZN) has been one of the stock market's biggest success stories ever.,24/7 Wall Street,"Fri, 07 Nov 2025 08:15:58 -0500",[],AMZN,Positive,0.16584853978810216,0.18969930530689963,0.6444521549049983
https://www.fool.com/investing/2025/11/07/why-are-investors-excited-about-amazon-stock/,Why Are Investors Excited About Amazon Stock?,"Amazon (AMZN 2.85%) reported accelerating growth in its AWS segment, and that's one reason why investors are bullish on the company.",The Motley Fool,"Fri, 07 Nov 2025 06:30:00 -0500",['podcast'],AMZN,Positive,0.24340389121157635,0.14085892762988414,0.6157371811585395
https://www.fool.com/investing/2025/11/07/prediction-these-5-stocks-will-be-worth-more-than/,Prediction: These 5 Stocks Will Be Worth More Than $5 Trillion by 2030,Nvidia recently became the first $5 trillion company. Microsoft and Alphabet have easy roads to $5 trillion by 2030.,The Motley Fool,"Fri, 07 Nov 2025 06:00:00 -0500",[],AMZN,Neutral,0.15102388678136572,0.43454745768710507,0.4144286555315292
https://www.fool.com/investing/2025/11/07/my-5-favorite-stocks-to-buy-before-2026/,My 5 Favorite Stocks to Buy Before 2026,Amazon stock is finally climbing after good news about the AI business. Lemonade expects to become EBITDA positive in 2026.,The Motley Fool,"Fri, 07 Nov 2025 05:30:00 -0500",['StocksToWatch'],AMZN,Positive,0.35334658127388074,0.26351040344870724,0.38314301527741207
https://www.fool.com/investing/2025/11/07/smartest-stock-quantum-computing-ionq-rgti-qbts/,"This Is the Smartest Stock to Buy to Take Advantage of the Quantum Computing Revolution -- and It Isn't IonQ, Rigetti Computing, or D-Wave Quantum","Quantum computing pure plays IonQ, Rigetti Computing, D-Wave Quantum, and Quantum Computing Inc. have catapulted higher by as much as 3,080% over the trailing year. History strongly implies that the quantum computing bubble is going to pop sooner rather than later.",The Motley Fool,"Fri, 07 Nov 2025 03:51:00 -0500",[],AMZN,Positive,0.19932485508940692,0.20650202257812264,0.5941731223324704
https://www.fool.com/investing/2025/11/07/is-amazon-a-buy-sell-or-hold-in-2025/,"Is Amazon a Buy, Sell, or Hold in 2025?",Artificial intelligence is boosting growth at Amazon's e-commerce and cloud computing businesses. The technology is helping Amazon become more efficient and better serve its customers.,The Motley Fool,"Fri, 07 Nov 2025 03:45:00 -0500",[],AMZN,Positive,0.16960024344106017,0.1460093363659039,0.6843904201930359
https://seekingalpha.com/article/4839647-amazon-q3-earnings-back-to-accounting-basics,Amazon Q3 Earnings: Back To Accounting Basics,"Amazon.com, Inc. reported strong Q3 earnings, with AWS revenue up 20% YOY. The recent deal with OpenAI further strengthens AWS strategic positioning. However, AMZN free cash flow dropped sharply due to heavy CAPEX Q3 and is likely to remain pressured going forward. A closer examination of its financial statements only added to my concern over the FCF issue.",Seeking Alpha,"Thu, 06 Nov 2025 17:28:29 -0500","['earnings', 'paylimitwall']",AMZN,Positive,0.1558558289114317,0.21433195530456475,0.6298122157840035
https://techcrunch.com/2025/11/06/amazon-launches-an-ai-powered-kindle-translate-service-for-ebook-authors/,Amazon launches an AI-powered Kindle Translate service for ebook authors,"Amazon announced on Thursday the launch of Kindle Translate, an AI-powered translation service designed for authors using Kindle Direct Publishing to broaden their reach. The service initially translates text between English and Spanish and from German to English, as it's still operating in beta.",TechCrunch,"Thu, 06 Nov 2025 15:22:48 -0500",[],AMZN,Positive,0.2722239124487131,0.30805942004730863,0.4197166675039784
https://www.businesswire.com/news/home/20251105626110/en/Red-Cell-Partners-Launches-Trase-to-Enable-Last-Mile-AI-Adoption-Hires-Former-Leader-of-Amazon%E2%80%99s-Bedrock-and-Sagemaker/,"Red Cell Partners Launches Trase to Enable Last Mile AI Adoption, Hires Former Leader of Amazon's Bedrock and Sagemaker","MCLEAN, Va.--(BUSINESS WIRE)--Red Cell Partners, a venture studio building rapidly scalable, technology-led companies that are bringing revolutionary advancements to market in national security and healthcare, today announced the public launch of Trase, an agentic platform that tactically delivers and implements end-to-end AI agent applications and edge-deployed specialized language models. Designed for regulated industries, Trase empowers organizations to safely and securely automate their com.",Business Wire,"Thu, 06 Nov 2025 13:45:00 -0500",['PressRelease'],AMZN,Neutral,0.14880534800453263,0.5818074995245366,0.26938715247093076
https://www.fool.com/investing/2025/11/06/why-amazon-rallied-in-october/,Why Amazon Rallied in October,"Amazon delivered better-than-expected earnings. The company's cloud business accelerated, allaying lots of fears.",The Motley Fool,"Thu, 06 Nov 2025 10:15:00 -0500",[],AMZN,Positive,0.2381006746168421,0.20278563446548953,0.5591136909176683
https://www.fool.com/investing/2025/11/06/is-amazon-stock-a-long-term-buy/,Is Amazon Stock a Long-Term Buy?,"Amazon's cloud computing unit is well-positioned to see growth continue to accelerate. Its e-commerce business, meanwhile, is seeing strong operating leverage.",The Motley Fool,"Thu, 06 Nov 2025 09:25:00 -0500",[],AMZN,Positive,0.14788187614154275,0.1443481583770747,0.7077699654813825
https://www.fool.com/investing/2025/11/06/huge-news-for-amazon-stock-investors-as-it-signs-d/,Huge News for Amazon Stock Investors As It Signs Deal With OpenAI Worth Almost $40 Billion,"This is the first major deal between OpenAI and Amazon (AMZN 0.51%), and there are likely more deals to come between the two artificial intelligence giants.",The Motley Fool,"Thu, 06 Nov 2025 09:15:00 -0500",['podcast'],AMZN,Positive,0.28308285302764313,0.18272294619887341,0.5341942007734833
https://invezz.com/news/2025/11/06/why-is-jim-cramer-calling-this-stock-as-most-profitable-the-world-has-ever-seen/?utm_source=snapi,Why is Jim Cramer calling this stock as ‘most profitable the world has ever seen',Amazon Web Services is experiencing growth so extraordinary that even seasoned market analyst Jim Cramer is reaching for superlatives.,Invezz,"Thu, 06 Nov 2025 08:54:33 -0500",['cramer'],AMZN,Positive,0.17020463808697348,0.1366872327778837,0.6931081291351429
https://seekingalpha.com/article/4839113-artisan-global-opportunities-fund-q3-2025-portfolio-update,Artisan Global Opportunities Fund Q3 2025 Portfolio Update,"During the quarter, we initiated new positions in Spotify, L3Harris Technologies and Insmed. We also added to 3i Group, West Pharmaceutical and Amazon during the quarter. We ended our investment campaigns in Atlassian, Adidas and Vertex Pharmaceuticals during the quarter.",Seeking Alpha,"Thu, 06 Nov 2025 08:10:00 -0500",['paylimitwall'],AMZN,Positive,0.16282241298196495,0.29346518572580554,0.5437124012922294
https://www.fool.com/investing/2025/11/06/amazons-ai-cloud-empire-why-aws-still-reigns-supre/,Amazon's AI Cloud Empire: Why AWS Still Reigns Supreme,AWS' momentum is accelerating. The cloud unit is giving customers the AI tools they need.,The Motley Fool,"Thu, 06 Nov 2025 06:24:00 -0500",[],AMZN,Positive,0.18861875767546762,0.18979200264914595,0.6215892396753865
https://www.fool.com/investing/2025/11/06/cathie-wood-sell-tesla-buy-magnificent-7-stock/,"Cathie Wood Is Selling Tesla and Buying This ""Magnificent Seven"" Stock Instead","Ark Invest runs several exchange-traded funds, largely focused on tech and AI. Ark recently sold some Tesla shares, which is surprising, considering how bullish Wood and her team have been on the company.",The Motley Fool,"Thu, 06 Nov 2025 05:05:00 -0500",[],AMZN,Positive,0.27465762706923197,0.3485947684669372,0.37674760446383077
