news_url,title,text,source_name,date,topics,tickers
https://seekingalpha.com/article/4842234-why-metas-post-earnings-selloff-is-an-early-gift-rating-upgrade,Why Meta's Post-Earnings Selloff Is An Early Gift (Rating Upgrade),"Meta Platforms experienced a sharp share price drop post-Q3, despite robust digital advertising growth and a strong revenue beat. META's Q3 earnings were impacted by a one-time $15.9B tax charge and rising CapEx for AI infrastructure, pressuring margins and EPS. Core business fundamentals remain strong: ad prices and impressions are up, and AI-driven engagement continues to fuel revenue growth.",Seeking Alpha,"Tue, 11 Nov 2025 21:44:38 -0500","['earnings', 'paylimitwall']",META
https://www.wsj.com/tech/ai/meta-ai-pioneer-has-discussed-leaving-to-launch-a-startup-5fce6691,Meta AI Pioneer Has Discussed Leaving to Launch a Startup,"Yann LeCun, the company's chief AI scientist, has recruited associates and discussed funding options for startup idea.",WSJ,"Tue, 11 Nov 2025 18:14:00 -0500",['paywall'],META
https://www.pymnts.com/news/artificial-intelligence/2025/yann-lecun-exit-deals-blow-meta-ai-ambitions-amid-cost-pressures/?utm_source=snapi,LeCun's Exit Deals a Blow to Meta's AI Ambitions Amid Cost Pressures,"Meta Chief AI Scientist Yann LeCun is preparing to leave the company to launch a new venture focused on foundational artificial intelligence architectures, the Financial Times reported Tuesday (Nov. 11). Meta's Turbulence Sets the Stage LeCun's decision comes as Meta faces turbulence in its AI operations.",PYMNTS,"Tue, 11 Nov 2025 15:43:42 -0500",[],META
https://www.youtube.com/watch?v=KxU1xShP5B0,Latest Meta AI exit raises big questions for Zuckerberg's superintelligence push,CNBC's Deirdre Bosa reports on news regarding Meta.,CNBC Television,"Tue, 11 Nov 2025 13:32:36 -0500",['CEO'],META
https://www.youtube.com/watch?v=bdBfYYhSXLQ,Meta's chief AI scientist reportedly departing to launch own AI startup,CNBC's Deirdre Bosa joins 'Money Movers' with the details on a new AI top talent shake up at Meta.,CNBC Television,"Tue, 11 Nov 2025 12:48:09 -0500",[],META
https://www.proactiveinvestors.com/companies/news/1082274?SNAPI,Nebius inks $3B AI infrastructure deal with Meta Platforms,"Nebius Group NV (NASDAQ: NBIS) on Tuesday announced an agreement to deliver artificial intelligence (AI) compute infrastructure to Meta Platforms Inc (NASDAQ:META, ETR:FB2A, SIX:FB), valued at about $3 billion over five years.   In September, Nebius signed a similar $19.4 billion deal with Microsoft.",Proactive Investors,"Tue, 11 Nov 2025 11:07:07 -0500",[],META
https://nypost.com/2025/11/11/business/metas-top-ai-scientist-yann-lecun-to-depart-launch-own-startup-report/,Meta's top AI scientist Yann LeCun to depart as Mark Zuckerberg pushes ‘superintelligence',"Yann LeCun, 65, a Turing Award-winner considered a pioneer in AI development, has told colleagues he will leave Meta in the coming months, according to a report.",New York Post,"Tue, 11 Nov 2025 10:53:11 -0500",['CEO'],META
https://www.fool.com/investing/2025/11/11/meta-platforms-should-you-buy-the-post-earnings/,Meta Platforms Stock: Should You Buy the Post-Earnings Dip?,"Meta Platforms saw a sharp drop in earnings, but the adjusted results looked better. The company increased the lower end of its guidance for capital expenditures this year.",The Motley Fool,"Tue, 11 Nov 2025 10:15:00 -0500",['earnings'],META
https://techcrunch.com/2025/11/11/metas-chief-ai-scientist-yann-lecun-reportedly-plans-to-leave-to-build-his-own-startup/,Meta's chief AI scientist Yann LeCun reportedly plans to leave to build his own startup,"Meta may be about to lose one of its most renowned AI heads: Yann LeCun, a chief AI scientist at the company, is planning to leave the company to build his own startup, the Financial Times reported, citing anonymous sources.",TechCrunch,"Tue, 11 Nov 2025 09:58:45 -0500",[],META
https://www.forbes.com/sites/greatspeculations/2025/11/11/is-meta-stock-set-for-a-bounce/,Is META Stock Set For A Bounce?,Meta Platforms (NASDAQ: META) stock has fallen 16% since the company's Q3 results were reported on October 29. This decline was primarily driven by two factors that concerned investors: a one-time $15.93 billion tax charge and the announcement of higher-than-expected capital expenditures for its AI initiatives.,Forbes,"Tue, 11 Nov 2025 09:50:03 -0500",['paylimitwall'],META
https://www.youtube.com/watch?v=gc6-Inl_peQ,"Facebook co-founder Chris Hughes on U.S. industrial & tariff policies, AI data center investment","Chris Hughes, Economic Security Project co-chair and Facebook co-founder, joins 'Squawk Box' to discuss concerns over the Trump administration's industrial policy, government's role in data center investment, Trump administration's tariff policy, and more.",CNBC Television,"Tue, 11 Nov 2025 09:28:37 -0500",[],META
https://www.fool.com/investing/2025/11/11/why-wall-street-bearish-on-meta-1-key-reason/,Why Is Wall Street So Bearish on Meta? There's 1 Key Reason.,"Meta stock plunged after the company's most recent earnings report. It's spending heavily on AI, which is starting to worry investors.",The Motley Fool,"Tue, 11 Nov 2025 09:05:00 -0500",[],META
https://invezz.com/news/2025/11/11/yann-lecun-exit-meta-chief-ai-scientist-leaving-to-launch-ai-startup-ft-reports/?utm_source=snapi,"Yann LeCun exit: Meta chief AI scientist leaving to launch AI startup, FT reports","Yann LeCun, Meta's chief AI scientist and one of the world's most influential figures in artificial intelligence, is planning to leave the social media company to launch his own startup.",Invezz,"Tue, 11 Nov 2025 07:27:25 -0500",[],META
https://www.reuters.com/technology/ai-cloud-firm-nebius-signs-3-billion-deal-with-meta-posts-more-than-four-fold-2025-11-11/,"AI cloud firm Nebius signs $3 billion deal with Meta, posts more than four-fold rise in revenue","Nebius Group has signed a deal worth about $3 billion with Meta to provide the Facebook owner with AI infrastructure over a five-year period, the company said on Tuesday, after it reported a more than fourfold rise in third-quarter revenue.",Reuters,"Tue, 11 Nov 2025 07:03:53 -0500",['earnings'],META
https://www.reuters.com/technology/meta-chief-ai-scientist-yann-lecun-plans-exit-launch-startup-ft-reports-2025-11-11/,"Meta chief AI scientist Yann LeCun plans to exit to launch startup, FT reports","Meta's chief artificial intelligence scientist Yann LeCun is planning to leave the social media company to set up his own startup, the Financial Times reported on Tuesday, citing people familiar with the matter.",Reuters,"Tue, 11 Nov 2025 06:40:59 -0500",[],META
https://www.fool.com/investing/2025/11/11/3-no-brainer-ai-stocks-to-buy-right-now/,3 No-Brainer AI Stocks to Buy Right Now,AMD's GPU deals with OpenAI and Oracle have positioned it as a crucial player in the global AI infrastructure buildout. Microsoft is also focused on expanding its data center capacity and increasing Copilot adoption.,The Motley Fool,"Tue, 11 Nov 2025 05:57:00 -0500",['StocksToWatch'],META
https://finbold.com/meta-to-pay-dividends-on-december-26-heres-how-much-100-meta-shares-will-earn/?utm_source=snapi,Meta to pay dividends on December 26; Here's how much $100 META shares will earn,"Social media giant Meta Platforms (NASDAQ: META) is expected to make its next dividend payment on December 26, 2025, continuing its quarterly payout to shareholders.",Finbold,"Tue, 11 Nov 2025 03:08:25 -0500",['dividend'],META
https://seekingalpha.com/article/4841694-meta-im-not-sweating-a-drop-after-the-post-q3-earnings-selloff,Meta: I'm Not Sweating A Drop After The Post Q3 Earnings Selloff,"I see a market overreaction. Despite 26% YoY revenue growth to $51.24B, rising ad KPIs, and strong OCF, META sold off, leaving it the cheapest hyperscaler at ~25.6x forward P/E. The selloff stems from capex and buybacks: 2025 capex was raised to $70-$72B with an even bigger 2026 step-up, and buybacks slowed (none in September), signaling cash prioritization for infrastructure. Fundamentals look solid: $79.6B OCF in 9M 2025 (+26% YoY) with $48.3B capex (61% of OCF). Ads up 26%, with the Street expecting >20% growth in the next two quarters.",Seeking Alpha,"Tue, 11 Nov 2025 01:46:59 -0500","['earnings', 'paylimitwall']",META
https://www.zacks.com/commentary/2788850/making-sense-of-the-market-s-tech-worries?cid=CS-STOCKNEWSAPI-FT-earnings_preview-2788850,Making Sense of the Market's Tech Worries,"The recent pullback in leading artificial intelligence stocks has rekindled concerns about the group's stock price momentum and market leadership. The absence of economic data due to the government shutdown, at a time of economic vulnerabilities, is adding to market angst.",Zacks Investment Research,"Mon, 10 Nov 2025 15:29:21 -0500",[],META
https://seekingalpha.com/article/4841380-meta-plunge-looks-tempting-but-its-no-opportunity-downgrade,"Meta's Plunge Looks Tempting, But It's No Opportunity (Downgrade)","Meta Platforms, Inc.'s 20% stock plunge reflects a rational market re-pricing rather than an emotional selloff. Despite strong Q3 growth, Meta's topline expansion is clearly decelerating due to its already saturated user base. Future growth depends heavily on monetization per user, which faces natural limits and sustainability concerns.",Seeking Alpha,"Mon, 10 Nov 2025 12:47:24 -0500",['paylimitwall'],META
https://seekingalpha.com/article/4841340-meta-the-cheapest-stock-of-mag-7-group-with-ai-and-amp-ad-engines-roaring,Meta: The Cheapest Stock Of Mag 7 Group With AI & Ad Engines Roaring,"Meta Platforms (META) trades at a compelling valuation, now the cheapest among the Magnificent 7, with a forward P/E of 24. Despite a recent 18% stock drop due to high capex guidance, META's AI-driven ad revenue and double-digit growth remain strong tailwinds. META's current valuation shows only a 5% premium to the S&P 500, despite superior growth, margins, and a significant competitive moat.",Seeking Alpha,"Mon, 10 Nov 2025 11:37:17 -0500",['paylimitwall'],META
https://www.reuters.com/sustainability/boards-policy-regulation/critics-call-proposed-changes-landmark-eu-privacy-law-death-by-thousand-cuts-2025-11-10/,Critics call proposed changes to landmark EU privacy law 'death by a thousand cuts',"Privacy activists say proposed changes to Europe's landmark privacy law, including making it easier for Big Tech to harvest Europeans' personal data for AI training, would flout EU case law and gut the legislation.",Reuters,"Mon, 10 Nov 2025 10:04:20 -0500",[],META
https://www.forbes.com/sites/tylerroush/2025/11/10/nvidia-meta-more-lead-stock-rally-as-shutdown-deal-advances/,"Nvidia, Meta, More Lead Stock Rally As Shutdown Deal Advances","Nvidia, Meta and Alphabet headlined a broader market surge Monday after eight Senate Democrats joined Republicans to back a deal that would end the government shutdown, as Americans have expressed growing concerns about its potential impact on the economy.",Forbes,"Mon, 10 Nov 2025 10:00:06 -0500",['paylimitwall'],META
https://247wallst.com/investing/2025/11/10/bank-of-america-just-issued-a-stark-warning-the-ai-boom-is-hitting-a-cash-crunch/?utm_source=snapi,Bank of America Just Issued a Stark Warning: The AI Boom Is Hitting a Cash Crunch,Bank of America  just issued research that points to a potentially troubling shift in how major tech companies fund their artificial intelligence (AI) ambitions.,24/7 Wall Street,"Mon, 10 Nov 2025 09:24:22 -0500",[],META
https://www.cnbc.com/2025/11/10/majestic-labs-meta-google-ai-funding.html,"Former Google, Meta executives raise $100 million for high-capacity AI servers startup","Three former Meta and Google silicon executives on Monday announced they've raised $100 million to build technology they say will reduce cloud companies' spend on data center buildouts. Majestic Labs makes patent-pending server architecture that promises more memory capacity than is on the market today, according to the company.",CNBC,"Mon, 10 Nov 2025 09:00:01 -0500",[],META
https://www.fool.com/investing/2025/11/10/3-cheap-tech-stocks-to-buy-right-now/,3 Cheap Tech Stocks to Buy Right Now,Investors seem to appreciate the AI-driven potential of Google parent Alphabet. Increasing saturation in the social media space is driving a more AI-oriented focus for Meta Platforms.,The Motley Fool,"Mon, 10 Nov 2025 08:05:00 -0500",['StocksToWatch'],META
https://www.marketwatch.com/story/the-lone-bear-on-metas-stock-foresaw-its-struggles-and-sees-more-trouble-ahead-5e21c791,The lone bear on Meta's stock foresaw its struggles — and sees more trouble ahead,BNP Paribas's Stefan Slowinski warned about Meta's unchecked AI spending. Now he thinks the stock's recent selloff is just the beginning.,Market Watch,"Mon, 10 Nov 2025 07:00:00 -0500",['paylimitwall'],META
https://www.fool.com/investing/2025/11/10/got-500-2-top-growth-stocks-to-buy-that-could-doub/,Got $500? 2 Top Growth Stocks to Buy That Could Double Your Money,Alphabet's Google and Meta Platforms are two growth stocks with the potential to double in value in the next five years. These companies serve billions of users across their services every day.,The Motley Fool,"Mon, 10 Nov 2025 06:00:00 -0500",['StocksToWatch'],META
https://seekingalpha.com/article/4841135-meta-stock-no-need-to-worry-about-ai-capex,Meta: No Need To Worry About AI CapEx,"Meta underperformed the S&P due to investor concerns over rising CapEx for AI investments, echoing past Metaverse worries. There, however, is one key difference to the 2022 metaverse sell-off, making the company a compelling pick right now. By underlying the market growth rate and the compressed cash conversion caused by the AI CapEx, Meta looks nevertheless undervalued by 33%.",Seeking Alpha,"Mon, 10 Nov 2025 00:11:07 -0500",['paylimitwall'],META
https://www.fool.com/investing/2025/11/10/top-stocks-to-double-up-on-right-now/,Top Stocks to Double Up on Right Now,"Investors are concerned about Meta's capital expenditure plans. MercadoLibre is operating at a high level, yet the stock is slightly down.",The Motley Fool,"Mon, 10 Nov 2025 00:00:00 -0500",['StocksToWatch'],META
https://www.pymnts.com/meta/2025/meta-to-invest-600-billion-to-build-ai-data-centers-in-us/?utm_source=snapi,Meta to Invest $600 Billion to Build AI Data Centers in US,"Meta will invest $600 billion in the United States by 2028 to build artificial intelligence (AI) data centers. “As the importance of AI grows, so will the importance of data centers,” the company said in a Friday (Nov. 7) press release.",PYMNTS,"Sun, 09 Nov 2025 17:40:09 -0500",[],META
https://247wallst.com/investing/2025/11/09/why-meta-is-the-stock-to-watch-this-earnings-season/?utm_source=snapi,Why Meta Is the Stock to Watch This Earnings Season,"What an earnings season it's been for mega-cap tech stocks. Earnings beats, guidance raises, and expectations of future revenue and profit growth led many of the most closely-watched tech giants to see some meaningful price appreciation following the release of their results.",24/7 Wall Street,"Sun, 09 Nov 2025 08:12:47 -0500",['earnings'],META
https://www.fool.com/investing/2025/11/09/got-5000-2-tech-stocks-to-buy-and-hold-for-the-lon/,"Got $5,000? 2 Tech Stocks to Buy and Hold for the Long Term",Taiwan Semiconductor is a critical supplier in the AI arms race. Investors are growing impatient with Meta Platforms' spending plan.,The Motley Fool,"Sun, 09 Nov 2025 07:00:00 -0500",['StocksToWatch'],META
https://www.fool.com/investing/2025/11/09/huge-news-for-meta-stock-investors/,Huge News for Meta Stock Investors,Meta (META +0.50%) revealed critical insights that investors will not want to miss.,The Motley Fool,"Sun, 09 Nov 2025 06:32:00 -0500",['podcast'],META
https://www.fool.com/investing/2025/11/09/smartest-growth-stock-buy-1000-right-now/,"The Smartest Growth Stock to Buy With $1,000 Right Now","Meta Platforms is experiencing strong momentum in its social media platforms. Revenue grew 26% year over year in Q3, as Meta is benefiting from AI-driven advertising.",The Motley Fool,"Sun, 09 Nov 2025 05:38:00 -0500",[],META
https://www.fool.com/investing/2025/11/09/whats-going-on-with-meta-stock/,What's Going on With Meta Stock?,"Meta Platforms (META +0.50%) reported to investors that it expected to increase spending on artificial intelligence, which spooked some investors, sending them running to the exits.",The Motley Fool,"Sun, 09 Nov 2025 04:04:00 -0500",['podcast'],META
https://www.fool.com/investing/2025/11/09/nasdaq-will-soar-in-2026-my-top-ai-stocks/,History Says the Nasdaq Will Soar in 2026: My Top 10 Artificial Intelligence (AI) Growth Stocks to Buy Before It Does,"The Nasdaq Composite bull market continued in 2025, but history suggests there's additional upside ahead. Businesses are developing new applications for generative AI, and demand continues to climb.",The Motley Fool,"Sun, 09 Nov 2025 03:01:00 -0500",['StocksToWatch'],META
https://www.fool.com/investing/2025/11/08/2-ai-stocks-that-could-go-parabolic/,2 AI Stocks That Could Go Parabolic,"Companies early to the AI market could score a big win, and that's why investors have rushed to get in on these stocks. Valuations have taken off, but some AI stocks remain reasonably priced -- and the following two are actually bargains.",The Motley Fool,"Sat, 08 Nov 2025 18:10:00 -0500",[],META
https://www.youtube.com/watch?v=zXob3gl_Rjs,Tech Corner: META's A.I. CapEx Intensifies,Rick Ducat drops by the Tech Corner with a look at Meta Platforms (META) following the company's recent 3Q earnings report. He looks at how the social media giant and Facebook parent company has evolved into an A.I.,Schwab Network,"Sat, 08 Nov 2025 13:01:00 -0500",[],META
https://www.fool.com/investing/2025/11/08/these-stocks-could-deliver-market-beating-returns/,Prediction: These Stocks Could Deliver Market-Beating Returns Over the Next Decade,"Alphabet is a great long-term play on the cloud, AI, and digital advertising markets. Meta's social media platforms will continue to attract new users and advertisers.",The Motley Fool,"Sat, 08 Nov 2025 08:00:00 -0500",[],META
https://www.fool.com/investing/2025/11/08/5-top-artificial-intelligence-stocks-to-buy-in-nov/,5 Top Artificial Intelligence Stocks to Buy in November,Nvidia and Broadcom are building computing units to power the AI arms race. Taiwan Semiconductor is a key part of the AI chip supply chain.,The Motley Fool,"Sat, 08 Nov 2025 06:30:00 -0500",['StocksToWatch'],META
https://www.fool.com/investing/2025/11/08/buy-dip-meta-platforms-ai-growth-stock/,My Advice? Don't Get Distracted By Meta Platforms Stock's Latest Slump,Investors are right to be skeptical about big tech spending on artificial intelligence. Meta Platforms is pouring capital expenditures into building its own AI infrastructure.,The Motley Fool,"Sat, 08 Nov 2025 05:30:00 -0500",[],META
https://www.youtube.com/watch?v=1l1pmWUBSW8,"NEW: Meta, Blue Owl to build $27B data center in Louisiana",Blue Owl Capital co-chief executive officer Marc Lipschultz discusses the data center the company is building with Meta in Louisiana on ‘The Claman Countdown.',Fox Business,"Sat, 08 Nov 2025 00:00:43 -0500",[],META
https://www.youtube.com/watch?v=N9toNpqmO80,"Final Trade: COIN, META, ADP, BA",The final trades of the day with CNBC's Melissa Lee and the 'Fast Money' traders.,CNBC Television,"Fri, 07 Nov 2025 18:38:06 -0500",[],META
https://www.youtube.com/watch?v=lwMQL73LtYk,'Fast Money' traders share their stock 'shopping lists',The 'Fast Money' traders share their 'shopping lists' of stocks they are looking to buy in the current market.,CNBC Television,"Fri, 07 Nov 2025 18:34:00 -0500",[],META
https://www.youtube.com/watch?v=DuhKKaXL8_c,"'Meta is a table pounder here', says Wedbush's Dan Ives","Dan Ives, Wedbush, joins 'Fast Money' to talk why he believes tech stocks could go higher from here.",CNBC Television,"Fri, 07 Nov 2025 17:51:49 -0500",[],META
https://www.businessinsider.com/meta-600-billion-us-investment-ai-infrastructure-data-center-jobs-2025-11,Meta details $600 billion US investment pledge that led to a hot-mic moment between Zuckerberg and Trump,"Meta has formally announced a $600 billion US investment. Mark Zuckerberg initially discussed the pledge at a White House dinner in September, and later in a hot-mic moment with Trump.",Business Insider,"Fri, 07 Nov 2025 16:23:27 -0500","['CEO', 'paywall']",META
https://www.youtube.com/watch?v=dxCAz-6RSIw,Meta is accelerating growth but not capturing perceived value: FirstMark Capital's Rick Heitzmann,"FirstMark Capital's Rick Heitzmann joins 'Closing Bell' to discuss the state of the AI trade, the real issues with Meta and much more.",CNBC Television,"Fri, 07 Nov 2025 16:22:47 -0500",[],META
https://www.fool.com/investing/2025/11/07/one-best-magnificent-seven-stocks-buy-now/,What Is One of the Best Magnificent Seven Stocks to Buy Now?,"Meta's recent earnings report showed strong revenue growth driven by AI, but the company's plans for increased capital spending led to a sell-off. The stock sold off on Meta's plans to step up capital spending on AI infrastructure.",The Motley Fool,"Fri, 07 Nov 2025 14:18:01 -0500",['StocksToWatch'],META
https://www.youtube.com/watch?v=izLMAz1kEzU,"Final Trades: Joby Aviation, Marathon Petroleum, Exxon Mobil and Meta",The Investment Committee reveals the stocks they're watching as the market sets up for its next move.,CNBC Television,"Fri, 07 Nov 2025 14:13:15 -0500",[],META
https://www.reuters.com/business/meta-plans-600-billion-us-spend-ai-data-centers-expand-2025-11-07/,Meta plans $600 billion US spend as AI data centers expand,"Meta Platforms on Friday said it will invest $600 billion in U.S. infrastructure and jobs over the next three years, including artificial intelligence data centers, as the social media giant races to build infrastructure to power its AI ambitions.",Reuters,"Fri, 07 Nov 2025 12:59:44 -0500",[],META
https://www.reuters.com/sustainability/boards-policy-regulation/big-tech-may-win-reprieve-eu-mulls-easing-ai-rules-document-shows-2025-11-07/,"Big Tech may win reprieve as EU mulls easing AI rules, document shows","Apple , Meta Platforms and other tech giants may win a reprieve from the EU's landmark artificial intelligence rules as regulators consider easing sections of the legislation as part of a drive to simplify a slew of regulations adopted in the last two years.",Reuters,"Fri, 07 Nov 2025 12:46:43 -0500",[],META
https://www.forbes.com/sites/greatspeculations/2025/11/07/meta-vs-alphabet-stock-which-offers-more-upside/,Meta Vs. Alphabet Stock: Which Offers More Upside?,"Meta Platforms (META) and Alphabet (GOOGL) remain two of the strongest players in digital advertising, but their recent performance reveals a growing divide. While both continue to deliver steady revenue growth, Meta's efficiency gains and faster operating momentum have drawn investor attention — especially given its more attractive valuation compared to Alphabet.",Forbes,"Fri, 07 Nov 2025 12:35:03 -0500",['paylimitwall'],META
https://www.investopedia.com/these-analysts-predict-an-ai-sell-off-here-s-the-long-short-trade-they-suggest-11845401,These Analysts Predict an AI Sell-Off. Here's the Long-Short Trade They Suggest,"The boom-bust cycle that has lately powered a pullback in cryptocurrencies and precious metals is coming for AI stocks, according to BCA Research. And they have an idea for how to play it.",Investopedia,"Fri, 07 Nov 2025 12:00:49 -0500",[],META
https://www.investors.com/news/technology/meta-stock-slide-ai-spending-magnificent-seven/,Meta Stock Falls Again As Social Media Giant Replaces Amazon As Magnificent Seven Laggard,"Meta stock is now behind Tesla, Amazon and Apple as the worst performer in the Magnificent Seven.",Investors Business Daily,"Fri, 07 Nov 2025 10:58:42 -0500",[],META
https://www.marketwatch.com/story/metas-stock-is-the-new-magnificent-seven-doormat-should-you-buy-the-dip-82068b28,Meta's stock is the new ‘Magnificent Seven' doormat. Should you buy the dip?,"Shares have slumped 17% since the company signaled aggressive AI spending ahead. While some are concerned, others see a prime buying opportunity.",Market Watch,"Fri, 07 Nov 2025 07:00:00 -0500",['paylimitwall'],META
https://www.fool.com/investing/2025/11/07/stock-split-watch-ai-stocks-look-ready-to-split/,Stock-Split Watch: 2 AI Stocks That Look Ready to Split,"The recent stock splits are an excellent opportunity to revisit how splits affect investors. ASML Holding trades above $1,000 per share and hasn't split its stock in over a decade.",The Motley Fool,"Fri, 07 Nov 2025 04:48:00 -0500",[],META
https://www.fool.com/investing/2025/11/07/1-surefire-artificial-intelligence-ai-stock-to-buy/,1 Surefire Artificial Intelligence (AI) Stock to Buy on the Dip,"Meta Platforms' third-quarter results were strong on the top line, but margins and earnings disappointed. Wall Street is worried about the tech-giant's significant (and increasing) AI spending.",The Motley Fool,"Fri, 07 Nov 2025 04:45:00 -0500",[],META
https://www.fool.com/investing/2025/11/07/this-stock-is-up-1500-since-its-ipo-heres-why-it-m/,"This Stock Is Up 1,500% Since Its IPO: Here's Why It Might Split in 2026","This tech company has become a major player in the artificial intelligence space. This stock has delivered fantastic long-term gains, but its performance has lagged behind other tech players this year.",The Motley Fool,"Fri, 07 Nov 2025 03:15:00 -0500",[],META
https://seekingalpha.com/article/4840020-meta-one-trick-pony-or-smartest-ai-play-nobody-understands,Meta: One-Trick Pony Or The Smartest AI Play Nobody Understands?,"Meta remains an advertising-driven business, leveraging AI primarily for ad targeting and user engagement across its Family of Apps. Meta's significant AI investments lack a direct monetization product, making high CapEx riskier compared to peers like MSFT, AMZN, and GOOG. Despite regulatory headwinds and heavy spending, EBITDA is expected to grow 18% annually, though free cash flow will decline due to CapEx.",Seeking Alpha,"Fri, 07 Nov 2025 02:04:07 -0500",['paylimitwall'],META
https://www.marketbeat.com/originals/after-16-fall-analysts-eye-a-big-recovery-in-meta-platforms/?utm_source=snapi,"After 16% Fall, Analysts Eye a Big Recovery in Meta Platforms",Shares dropped by over 11% on Oct. 30 as investors reacted to the company's Q3 2025 earnings and commentary. This was the biggest down move the Magnificent Seven stock has seen after an earnings report since Q3 2022.,MarketBeat,"Thu, 06 Nov 2025 17:02:35 -0500",[],META
https://techcrunch.com/2025/11/06/meta-estimates-that-it-earns-10-of-its-revenue-from-scams-report-says/,"Meta estimates that it earns 10% of its revenue from scams, report says","Last year, Meta projected that 10% of its overall annual revenue — $16 billion — would come from fraudulent advertisements on its apps, according to a report from Reuters.",TechCrunch,"Thu, 06 Nov 2025 16:20:51 -0500",['earnings'],META
https://www.cnbc.com/2025/11/06/meta-reportedly-projected-10percent-of-2024-sales-came-from-scam-fraud-ads.html,"Meta reportedly projected 10% of 2024 sales came from scam, fraud ads","Meta projected that 10% of its overall sales in 2024, or about $16 billion, came from running online ads for scams and banned goods, according to a Thursday report from Reuters.  That included ads for ""fraudulent e-commerce and investment schemes, illegal online casinos and the sale of banned medical products,"" the report said based on internal Meta documents.",CNBC,"Thu, 06 Nov 2025 13:46:51 -0500",[],META
https://techcrunch.com/2025/11/06/meta-brings-its-short-form-video-feed-of-ai-slop-to-europe/,Meta brings its short-form video feed of AI slop to Europe,"Meta announced on Thursday that Vibes, its short-form video feed of AI-generated videos, is launching in Europe in the Meta AI app. Think TikTok or Instagram Reels, but every single video you come across is AI-generated.",TechCrunch,"Thu, 06 Nov 2025 13:22:38 -0500",[],META
https://www.forbes.com/sites/tylerroush/2025/11/06/mark-zuckerberg-drops-to-sixth-richest-after-meta-stock-slides/,Mark Zuckerberg Drops To Sixth-Richest After Meta Stock Slides,"Reuters reported Thursday, citing internal company documents, that Meta projected 10% of overall revenue—estimated at $16 billion—would come from running advertisements for scams and banned goods. Meta spokesperson Andy Stone told Reuters the documents cited by the outlet “present a selective view that distorts Meta's approach to fraud and scams,” noting the company's internal estimates were lower and that the 10% estimate included “many” legitimate ads.",Forbes,"Thu, 06 Nov 2025 12:05:06 -0500","['CEO', 'paylimitwall']",META
https://247wallst.com/investing/2025/11/06/the-feds-next-move-what-lower-yields-mean-for-dividend-etfs/?utm_source=snapi,The Fed's Next Move: What Lower Yields Mean for Dividend ETFs,"The world is sitting back waiting, not-so-patiently, to see what the Federal Reserve, led by Jerome Powell, decides to do with interest rates ahead of 2026.",24/7 Wall Street,"Thu, 06 Nov 2025 09:38:30 -0500",['dividend'],META
https://247wallst.com/investing/2025/11/06/meta-platforms-nasdaq-meta-stock-price-prediction-for-2025-where-will-it-be-in-1-year/?utm_source=snapi,Meta Platforms (NASDAQ: META) Stock Price Prediction for 2025: Where Will It Be in 1 Year (Nov 6),"This year, one of the better performers among the Magnificent 7 had been Meta Platforms Inc.",24/7 Wall Street,"Thu, 06 Nov 2025 09:30:44 -0500",[],META
https://www.fool.com/investing/2025/11/06/massive-news-for-meta-platforms-stock-investors/,Massive News for Meta Platforms Stock Investors,"Meta Platforms (META +1.43%) is borrowing $30 billion, and here is what it could mean for investors.",The Motley Fool,"Thu, 06 Nov 2025 08:30:00 -0500",['podcast'],META
https://www.fool.com/investing/2025/11/06/1-stock-split-ai-stock-up-1570-ipo-buy-wall-street/,"1 Potential Stock-Split AI Stock Up 1,570% Since Its IPO to Buy Now, According to Wall Street","Meta Platforms' share price has increased 1,570% since the company went public in 2012, but the company has never split its stock. Meta's investments in artificial intelligence are boosting engagement with its industry-leading portfolio of social media properties.",The Motley Fool,"Thu, 06 Nov 2025 06:35:00 -0500",[],META
https://www.fool.com/investing/2025/11/06/why-meta-platforms-stock-lost-11-in-october/,Why Meta Platforms Stock Fell 12% in October,The social media giant said capital expenditures and operating expenses would go up significantly next year. The company beat estimates on the top and bottom lines after adjustments in its Q3 earnings report.,The Motley Fool,"Thu, 06 Nov 2025 04:35:00 -0500",[],META
https://techxplore.com/news/2025-11-motion-picture-association-meta-pg.html,Motion Picture Association tells Meta to stop using PG-13 to refer to Instagram teen account content,"The Motion Picture Association is asking Meta to stop referring to content shown to teen accounts on Instagram as ""guided by PG-13 ratings,"" saying it is misleading and could erode trust in its movie ratings system.",TechXplore,"Thu, 06 Nov 2025 04:19:41 -0500",[],META
https://www.barrons.com/articles/nvidia-meta-alphabet-sharkninja-stocks-471f0260,"Nvidia, Meta, Alphabet, and SharkNinja? This Manager Thinks All Four Are Winners.",Sonu Kalra has built a stellar record as manager of the Fidelity Blue Chip Growth fund. He calls ChatGPT's 2022 launch AI's “iPhone moment.,Barrons,"Thu, 06 Nov 2025 00:30:00 -0500",['paywall'],META
https://www.fool.com/investing/2025/11/05/1-reason-to-buy-meta-platforms-stock-zuckerberg/,"1 Incredible Reason to Buy Stock in Mark Zuckerberg's Company, Meta Platforms (META), in November","Meta Platforms is the biggest social media company, with multiple platforms. It's been growing well -- but also spending heavily on artificial intelligence.",The Motley Fool,"Wed, 05 Nov 2025 20:00:00 -0500",['CEO'],META
https://www.reuters.com/business/media-telecom/motion-picture-association-demands-meta-drop-pg-13-label-instagram-teen-filters-2025-11-05/,Motion Picture Association demands Meta drop PG-13 label from Instagram teen filters,"The Motion Picture Association has sent a cease-and-desist letter to Meta , objecting to the social media platform's use of filters inspired by the PG-13 movie rating system for content moderation on Instagram for users under 18.",Reuters,"Wed, 05 Nov 2025 12:55:29 -0500",[],META
https://www.pymnts.com/news/artificial-intelligence/2025/meta-investors-losing-patience-with-ai-spending/?utm_source=snapi,Meta Investors ‘Losing Patience' With AI Spending,"Meta's artificial intelligence spending is giving investors unwelcome flashbacks to 2022, Bloomberg reported Wednesday (Nov. 5). The tech giant's AI efforts are reminiscent of the spending on the metaverse that sent the company's shares tumbling, the report said.",PYMNTS,"Wed, 05 Nov 2025 12:08:00 -0500",[],META
https://techcrunch.com/2025/11/05/motion-picture-association-hits-meta-with-cease-and-desist-over-use-of-pg-13-label/,Motion Picture Association hits Meta with cease-and-desist over use of ‘PG-13' label,"The Motion Picture Association (MPA) has sent Meta a cease-and-desist letter demanding that it stop using the term “PG-13,” as first reported by The Wall Street Journal.",TechCrunch,"Wed, 05 Nov 2025 10:46:58 -0500",[],META
https://www.globenewswire.com/news-release/2025/11/05/3181635/0/en/i10x-ai-The-First-Meta-Layer-Across-the-Entire-AI-Ecosystem.html,i10x.ai: The First Meta-Layer Across the Entire AI Ecosystem,"Singapore Platform Unites Access to OpenAI, Claude, Gemini, and More – Plus Daily AI News and Live Benchmarks in One Place Singapore Platform Unites Access to OpenAI, Claude, Gemini, and More – Plus Daily AI News and Live Benchmarks in One Place",GlobeNewsWire,"Wed, 05 Nov 2025 10:00:00 -0500",['PressRelease'],META
https://247wallst.com/technology-3/2025/11/05/meta-platforms-meta-price-prediction-and-forecast-2025-2030/?utm_source=snapi,Meta Platforms (NASDAQ: META) Price Prediction and Forecast 2025-2030 for November 5,Shares of Meta Platforms Inc. (NASDAQ: META) lost 16.91% over the past five trading sessions after gaining 1.99% the five prior.,24/7 Wall Street,"Wed, 05 Nov 2025 08:00:22 -0500",[],META
https://www.globenewswire.com/news-release/2025/11/05/3181155/0/en/RUNSTACK-Announces-Meta-Agent-AI-Systems-with-Self-building-and-Self-healing-Saas-Service.html,RUNSTACK Announces Meta-Agent AI Systems with Self-building and Self-healing Saas Service,"NORTH YORK, Ontario, Nov. 05, 2025 (GLOBE NEWSWIRE) -- RUNSTACK Inc., a Canadian AI-tech startup building the next generation of AI agent infrastructure, today announced its official entry into the market. While the company's products are not yet publicly available, RUNSTACK revealed that its forthcoming platform will fundamentally change how people deploy, coordinate, and scale AI agents across teams, tools, and data environments.",GlobeNewsWire,"Wed, 05 Nov 2025 04:50:00 -0500",['PressRelease'],META
https://www.fool.com/investing/2025/11/05/should-you-buy-meta-platforms-stock-on-the-dip/,Should You Buy Meta Platforms Stock on the Dip?,Meta's stock plunged after the company announced significantly higher capital expenditures for AI infrastructure. The accelerated capacity build-out could position Meta to be a huge winner in AI superintelligence.,The Motley Fool,"Wed, 05 Nov 2025 04:44:00 -0500",[],META
https://seekingalpha.com/article/4837911-meta-stock-current-selloff-case-of-post-metaverse-stress-disorder,Meta: Current Selloff A Case Of Post-Metaverse Stress Disorder,"Meta Platforms (META) experienced a sharp post-earnings selloff, driven more by investor psychology than company fundamentals, despite strong Q3 revenue growth. META's increased R&D and capex spending spooked investors, but these investments are fueling tangible AI-driven growth, unlike the earlier Metaverse pivot. My MS-ARIMA model projects 2026 EPS of $37.04 and a price target of $893, implying 40% upside; stock remains undervalued despite broken momentum.",Seeking Alpha,"Tue, 04 Nov 2025 22:22:59 -0500",['paylimitwall'],META
https://www.reuters.com/sustainability/boards-policy-regulation/meta-rejects-french-rights-watchdogs-ruling-against-algorithm-2025-11-04/,Meta rejects French rights watchdog's ruling against algorithm,Meta Platforms on Tuesday rejected a ruling by the French rights watchdog against its algorithm after allegations of discriminatory job advertisements on its social network Facebook.,Reuters,"Tue, 04 Nov 2025 13:00:34 -0500",[],META
https://www.fool.com/investing/2025/11/04/is-it-too-late-to-buy-meta-stock-after-the-ai-boom/,Is It Too Late to Buy Meta Stock After the AI Boom?,"Meta Platforms (META 1.17%) is betting big on AI and monetizing WhatsApp at scale -- creating new engines of growth that could redefine its future. With Reality Labs showing early traction and ad performance skyrocketing, investors might be underestimating what comes next for this tech titan.",The Motley Fool,"Tue, 04 Nov 2025 12:44:41 -0500",['podcast'],META
https://seekingalpha.com/article/4837414-meta-platforms-ai-investment-fears-are-overblown,Meta Platforms: AI Investment Fears Are Overblown,"Mr. Market is giving investors a metaverse flashback over rising AI CapEx, punishing the stock. I explain why this fear is unfounded and why I'm adding to my Meta Platforms, Inc. position. The investment return profile for AI is fundamentally different from the multibillion-dollar Reality Labs black hole. I analyze why this comparison is a critical mistake. These AI investments are not optional. They are necessary for Meta to dominate the next era of social media, especially with superintelligence potentially arriving as early as 2027.",Seeking Alpha,"Tue, 04 Nov 2025 10:36:46 -0500",['paylimitwall'],META
https://www.cnbc.com/2025/11/04/scale-ais-life-after-meta-has-been-rocky-cfo-insists-not-a-zombie.html,"Scale AI's life after Meta deal has been rocky, but CFO insists it's not a 'zombie company'","Five months after Scale AI's high-profile founder joined Meta in a blockbuster deal, the startup's CFO is trying to show that the company remains on a growth trajectory. ""People mischaracterize this deal as some sort of acquihire or some sort of licensing deal, which is not true,"" said Dennis Cinelli, who joined Scale as CFO in 2022.",CNBC,"Tue, 04 Nov 2025 10:30:01 -0500",['CFO'],META
https://www.zacks.com/stock/news/2784465/investing-in-meta-platforms-meta-don-t-miss-assessing-its-international-revenue-trends?cid=CS-STOCKNEWSAPI-FT-fundamental_analysis|nfm_international_revenues-2784465,Investing in Meta Platforms (META)? Don't Miss Assessing Its International Revenue Trends,"Evaluate Meta Platforms' (META) reliance on international revenue to better understand the company's financial stability, growth prospects and potential stock price performance.",Zacks Investment Research,"Tue, 04 Nov 2025 10:15:56 -0500",['earnings'],META
https://www.reuters.com/sustainability/boards-policy-regulation/india-tribunal-lifts-whatsapp-data-sharing-ban-upholds-meta-fine-2025-11-04/,"India tribunal lifts WhatsApp data-sharing ban, upholds Meta fine","An Indian appeals tribunal on Tuesday set aside an antitrust watchdog's five-year ban on Meta-owned WhatsApp sharing user data with other Meta entities for advertising, marking a partial win for the U.S. tech major, but upheld a fine.",Reuters,"Tue, 04 Nov 2025 08:39:52 -0500",[],META
https://www.fool.com/investing/2025/11/04/meta-platforms-shares-fall-despite-strong-revenue/,Meta Platforms Shares Fall Despite Strong Revenue Growth. Is It Time to Buy the Stock on the Dip?,"Social media giant Meta Platforms turned in strong third-quarter results. However, the stock sold off on worries over its high capital expenditures.",The Motley Fool,"Tue, 04 Nov 2025 07:30:00 -0500",['earnings'],META
https://seekingalpha.com/article/4837157-meta-platforms-trust-in-mark-zuckerberg-upgrade,Meta Platforms: Trust In Zuck (Rating Upgrade),Meta Platforms: Trust In Zuck (Rating Upgrade),Seeking Alpha,"Mon, 03 Nov 2025 20:00:00 -0500",['paylimitwall'],META
https://www.barrons.com/articles/ai-stock-nvidia-apple-tesla-22313aaf,The AI Trade Is Still Strong. Investors Have to Go Along for the Ride.,Investors that want to beat the S&P 500 likely have to stay invested in big tech while looking to make outsize bets elsewhere.,Barrons,"Mon, 03 Nov 2025 15:31:00 -0500",['paywall'],META
https://www.youtube.com/watch?v=zT76m1Wx0ro,"Final Trades: Meta, S&P Global and Idexx Lab",The Investment Committee give you their top stocks to watch for the second half.,CNBC Television,"Mon, 03 Nov 2025 13:29:32 -0500",[],META
https://seekingalpha.com/article/4836962-meta-finally-time-to-catch-falling-knife-upgrade,"Meta: Finally, It's Time To Catch The Falling Knife (Upgrade)","Meta Platforms, Inc. faces near-term selling pressure after Q3 results and increased CapEx guidance, but the core ad business remains incredibly robust. Fret not. META's AI-driven advertising and expanding engagement across platforms underpin long-term revenue growth potential despite Reality Labs' losses. Concerns over rising CapEx and margin compression are valid, but META's valuation and FCF outlook remain attractive versus big tech peers.",Seeking Alpha,"Mon, 03 Nov 2025 13:00:38 -0500",['paylimitwall'],META
https://www.marketwatch.com/story/six-cheap-stocks-of-s-p-500-companies-expected-to-grow-quickly-through-2027-646fe5b1,Six cheap stocks of S&P 500 companies expected to grow quickly through 2027,"These stocks have also shown recent earnings momentum, with increases to consensus estimates.",Market Watch,"Mon, 03 Nov 2025 12:09:00 -0500",['paylimitwall'],META
https://seekingalpha.com/article/4836949-meta-gloomy-ad-revenue-outlook-risky-ai-bets-doubled,"Meta: Gloomy Ad Revenue Outlook, Risky AI Bets Doubled","Meta Platforms, Inc. reported Q3 FY2025 results showing revenue growth but declining EPS, driven by slowing ad growth in key markets. META's AI initiatives, including Llama LLMs and major datacenter investments, have yet to yield significant traction or profitability outside its core apps. Capital expenditures are surging, with the Hyperion datacenter joint venture reflecting strategic flexibility but also highlighting high spending versus monetization.",Seeking Alpha,"Mon, 03 Nov 2025 11:29:12 -0500",['paylimitwall'],META
https://www.forbes.com/sites/petercohan/2025/11/03/meta-stock-up-8-why-zuckerbergs-innovation-drought-may-sink-meta/,Meta Stock Up 8%. Why Zuckerberg's Innovation Drought May Sink $META,Meta Platforms stock is up 8% this year – lagging Nasdaq's 22% rise.,Forbes,"Mon, 03 Nov 2025 11:05:03 -0500","['CEO', 'paylimitwall']",META
https://247wallst.com/investing/2025/11/03/is-meta-platforms-experiencing-metaverse-deja-vu-all-over-again/?utm_source=snapi,Is Meta Platforms Experiencing Metaverse Deja Vu All Over Again?,"Meta Platforms ( NASDAQ:META ) is once again pouring billions into a futuristic vision, this time with artificial intelligence (AI) at the center.",24/7 Wall Street,"Mon, 03 Nov 2025 11:02:55 -0500",[],META
https://seekingalpha.com/article/4836932-alphabet-vs-meta-ai-circular-financing-winner,Alphabet Vs. Meta: AI Circular Financing Winner,"Meta Platforms, Inc. and Alphabet Inc. are compared on CapEx strategies, AI investments, and strategic positioning amid concerns of circular financing in big tech. GOOGL stock is better positioned due to multi-channel monetization, lower CapEx as a percentage of revenue, and stronger profitability trends versus META's heavier reliance on ads. Despite META's aggressive spending and slower net income growth, its valuation appears temporarily depressed, presenting a potential accumulation opportunity.",Seeking Alpha,"Mon, 03 Nov 2025 11:00:37 -0500",['paylimitwall'],META
https://www.fool.com/investing/2025/11/03/why-is-meta-stock-falling-and-is-it-a-buying-oppor/,"Why Is Meta Stock Falling, and Is It a Buying Opportunity?",Meta Platforms' (META +0.30%) stock fell after announcing quarterly financial results that included big spending increases.,The Motley Fool,"Mon, 03 Nov 2025 10:45:37 -0500",['podcast'],META
https://www.nytimes.com/2025/11/03/technology/facebook-dating-surprise-hit.html,Facebook Dating Has Become a Surprise Hit for the Social Network,"Facebook's free dating service has 21 million users, more than the popular dating app Hinge, as the social network reinvents itself.",NYTimes,"Mon, 03 Nov 2025 10:20:01 -0500",['paywall'],META
https://247wallst.com/investing/2025/11/03/here-are-mondays-top-wall-street-analyst-research-calls-apple-cisco-systems-costco-meta-platforms-nvidia-and-more/?utm_source=snapi,"Here are Monday's Top Wall Street Analyst Research Calls: Apple, Cisco Systems, Costco, Meta Platforms, NVIDIA and More","The futures are trading mixed as we prepare to start the new week and month, with the NASDAQ once again leading the way higher.",24/7 Wall Street,"Mon, 03 Nov 2025 08:20:08 -0500",[],META
